model,culture,topic,temperature,generation_number,character_pair,stance,text
meta-llama_Llama-3.1-8B-Instruct_UK,UK,Education,0.7,1,Daughter and Father,Neutral,"Ah, the education system, eh? Well, I suppose it's a bit of a mixed bag, innit? Oh, really? What do you mean? Father Well, on the one hand, the schools are generally quite good, I think. Yes, yes, the teachers are usually decent chaps, and the facilities are usually all right. Daughter But what about the curriculum? [CHUCKLES]:  Oh, I know what you mean. It's all so...standardised, isn't it? Father Exactly! I mean, what's the point of learning all this stuff, if you're not going to use it in real life? Well, I suppose that's true. But don't you think that's what university is for? Ah, university! [LAUGHS]:  Well, I suppose that's a different story altogether. [LAUGHS]:  Oh, I know what you mean. Anyway, it's all a bit of a debate, isn't it? Yes, it certainly is, Father. Father [CHUCKLES]:  Well, I suppose that's the beauty of it, eh? [PAUSES, THINKING]:  Ah, well, I suppose we could go on about this all day. [LAUGHS]:  Oh, Father, you're impossible! [LAUGHS]:  Oh, all right, all right. I suppose we'll just have to agree to disagree, eh? [LAUGHS]:  I suppose we will, Father. [CHUCKLES]: Anyway, I think we've covered enough ground for now, don't you? Ah, yes, yes, you're right, dear. Father I think we've had a good old chinwag, anyway. [LAUGHS]:  Oh, Father, you're such a card! [CHUCKLES]:  Oh, all right, all right, I suppose I am a bit of a silly old sod. [LAUGHS]:  [They both chuckle and the conversation trails off."
meta-llama_Llama-3.1-8B-Instruct_UK,UK,Education,0.7,5,Father and Son,Agreement,"Blimey, Dad. I reckon it's all a bit of a minefield, isn't it? So many options and whatnot. Indeed, lad. It can be a bit overwhelming, I'll admit. But I think we should focus on what's best for you, personally. Cheers, Dad. I was thinking of taking the A-levels, but I'm not sure if I want to go to uni. Well, you've got time to think about it, mate. Why don't you tell me a bit more about what you're interested in? Well, I'm pretty keen on the sciences, especially physics. And I've always been fascinated by engineering. Father That's great, son! You know, I was always quite interested in maths and science myself, when I was at school. Blimey, really? I never knew that, Dad! So, do you think I should go for it, then? [CHUCKLES]:  Well, I think it's a cracking idea, if I'm honest! Ha! Cracking, eh? [LAUGHS]:  You always were a bit of a punster, Dad. [LAUGHS]:  Oh, shut it, lad! So, you reckon I should go for it, then? Father I do, son. I really do. Now, let's start looking at some options, shall we? Son Sounds like a plan, Dad. Cheers! Cheers, Dad! [EXITS THE ROOM]:  Father [TO HIMSELF]:  I'm so proud of him. [TO HIMSELF]:  I'm so proud of him. FROM ANOTHER ROOM Oh, and Dad? Father What is it, lad? Yes, mate? Son Can I ask you something? Do you think I'll be all right, then? I mean, financially and all that? Ah, don't you worry, son. I'll make sure you're all set, financially. Cheers, Dad. Thanks for talking with me. Father Anytime, lad. Anytime. Son Cheers, Dad. Cheers, son. [CHUCKLES]:  I'm so proud of him."
meta-llama_Llama-3.1-8B-Instruct_UK,UK,Education,0.7,5,Son and Father,Disagreement,"Ah, education, you say? Well, mate, I think you know my views on the subject. What do you mean? [FATHER]:  You know, you've heard me complain about the state of the schools. I mean, the curriculum is a bit...dull, don't you think? Son Dull? I think it's quite comprehensive. Comprehensive? Comprehensive is just a fancy way of saying dull. All they teach you is what you need to pass the exams. Passing exams is the point of education, innit? So you can get a good job and make a living. But there's more to life than just passing exams and making a living. There's...there's the arts, the sciences, the humanities. Oh, all that rot. You'll never use that in the real world. What you need is some practical skills, like maths and English. Practical skills? That's all you're concerned about? Father Of course, it's what matters! Son But don't you think it's a bit narrow-minded to just focus on the basics? Son Narrow-minded? I think it's what most people need to succeed. Father Success? Son Success isn't just about getting a good job and making money. I'm not saying it's the only thing, but it's a big part of it. I just think we should be teaching more critical thinking and creativity. Father Critical thinking? Oh, that's just a load of nonsense. Son Nonsense? Son It's not nonsense! I mean, think about it, Dad. If we were taught more critical thinking and creativity, we'd have more innovative thinkers and problem solvers. Oh, I don't know about that. Son But it's true! Father True? I think it would be a good thing. Father Good thing? Son Yes, a good thing! Father Good thing? Son Yes! Oh, for Pete's sake. Son For Pete's sake? Father You're being a bit daft, son. Son Daft? [laughs]:  Oh, Dad! Father [laughs]:  Oh, stop it! Son Stop what? Father Stop being so serious all the time! I'm just trying to have a sensible conversation, son. Son Sensible conversation? Father Yes, sensible! [laughs]:  Oh, Dad, you're such a card! Father [laughs]:  Oh, shut up!"
meta-llama_Llama-3.1-8B-Instruct_UK,UK,Education,0.7,4,Mother and Son,Disagreement,"Blimey, Mum, I'm not sure I agree with you about this. What's that, dear? You think I've got it wrong, do you? Well, yeah. Oh, come on, what's the problem? I thought we agreed that you needed to work harder and get some decent qualifications. But, Mum, you're not listening. I don't want to be a solicitor or a doctor like you said. Oh, for goodness' sake! Why not? Those are good careers. You'll be set for life! But, Mum, I don't want to be stuck in a stuffy office all day. What's wrong with a bit of hard work? You're not going to get anywhere without it. I know, but... I want to do something creative, like art or music. Mother Oh, no, no, no! You can't just go and do something 'creative' without any qualifications, dear. That's not how it works. But, Mum, why can't I? I'm good at it. I've got talent. Talent's not enough, dear. You need a solid education to back it up. And what about the money? But, Mum, money's not everything! [MOTHER]:  Oh, I suppose not, but it's a big consideration. Look, let's not argue about this. We'll talk to your father and see what he thinks, shall we? Yeah, yeah, that's a good idea, Mum. Thanks. Now, don't go getting any ideas about running off to art school or anything like that. Oh, no, Mum, I wouldn't dream of it! [MOTHER]:  Good! Oh, and by the way, I've been thinking, maybe we should get you to see that tutor again. Oh, no, Mum, please! I don't need a tutor! Mother Oh, don't be so stubborn! I'm just trying to help, dear. Son I know, Mum, but sometimes you don't understand."
meta-llama_Llama-3.1-8B-Instruct_UK,UK,Education,0.7,2,Mother and Daughter,Disagreement,"Honestly, Mum, I'm not sure I'm entirely sold on the whole school system. Oh? Why's that, love? You're doing all right, aren't you? Good grades, plenty of extracurriculars...? Yeah, but that's just it, isn't it? It's all about grades and extracurriculars. Oh, don't be ridiculous, dear! Education is about so much more than that. It's about learning, growing, developing as a person... But that's just what they keep telling us, Mum. And it's not exactly true, is it? [pauses, taken aback]:  Oh? What do you mean? I mean, we're not really learning to think for ourselves. We're just being taught to regurgitate information and pass exams. [sternly]:  That's not fair, Emily! You're being far too cynical. I'm not being cynical, Mum. I'm just being realistic. And it's not just about me. Oh, for goodness' sake! The system's not perfect, I'll grant you that. But what's the alternative? I don't know. Maybe a more hands-on, project-based approach? Or one that focuses on developing practical skills? That sounds like a lot of nonsense to me. What's wrong with a good, old-fashioned education? I just think there's more to it than that, Mum. And I'm not alone. Lots of people are questioning the status quo. Well, I suppose we'll just have to agree to disagree, dear. Yeah, I suppose we will. [pauses, then adds]:  Mum, can I ask you something? MOTHER Of course, love. What is it, dear? Why do you still think the school system is so great if you didn't have a great experience in it yourself? [Silence. Oh, Emily... [pauses, then sighs]:  That's a good question, love. I know, Mum. I've been wondering that for ages. [Long pause, then mother speaks up again. Look, love, I suppose I just stuck with it because... well, because it was what I knew, I suppose."
meta-llama_Llama-3.1-8B-Instruct_UK,UK,Education,0.7,5,Father and Son,Disagreement,"Blimey, Dad. I don't know. Well, come on. You're in your second year of uni, and you should have some thoughts. Alright, alright. [sternly but lovingly]:  What's going on? You're not exactly burning with enthusiasm, are you? Son Honestly, Dad? Honestly, Dad? I don't know if uni is for me. I mean, it's just so...expensive. [disapprovingly]:  Oh, come on! You can't just drop out of uni because it's expensive! But, Dad, it's not just the money. I'm not really sure what I want to do with my life. [sternly]:  You're not sure what you want to do with your life? At your age? [defensively]:  Yeah, that's right! I'm still figuring it out, Dad. [frustrated]:  Figure it out? You're 20 years old! You should have a plan by now! [passionately]:  That's not fair, Dad! You didn't have a plan when you were my age! [calmly, but firmly]:  That's not the point, son. The point is that you're not taking this seriously enough. I am taking it seriously, Dad! I just don't know what I want to do yet, okay? [sighs]:  Alright, alright. Let's take a step back. I want to talk to you about the options. [sighs]:  Fine. But can we do this over a cup of tea, Dad? I'm starving. Course we can, love. Now, let's sit down and talk about your future. I suppose it's time for a bit of a chat, isn't it? Indeed it is, son. Indeed it is. [They both sit down at the table and begin discussing the son's future. So, Dad, I was thinking maybe I could take a gap year and travel. I've always wanted to see the world. A gap year? That's just a waste of time, if you ask me. You should be focusing on getting a good job."
meta-llama_Llama-3.1-8B-Instruct_UK,UK,Education,0.7,4,Mother and Daughter,Neutral,"Oh, Mum, I've been thinking about that a lot lately. I think the whole system is a bit... complicated, isn't it? Complicated? That's one way of putting it, love. It's a system, innit? Got its ups and downs. Yeah, I mean, it's just so... pressured, isn't it? All the exams and the grades and the stress. I know, darling. It's a right old kerfuffle, isn't it? But we've always done it this way, so... I know. I just feel like it's not really preparing us for life, you know? [sighs]:  That's a fair point, love. I mean, I'm not sure it does, is it? Exactly! It's all about getting good grades and getting into university, but what about the other things, like... Ah, yes, like what, dear? Daughter...like life skills and creativity and all that. Exactly! And I don't think we're getting enough of that, are we? [pauses, considering]:  Well, that's a good point, love. I just think we need to rethink the way we do things, don't you? [sighs]:  I suppose we do, dear. It's all a bit... outdated, innit? Mum, I love you. MOTHER Love you too, sweetie. Now, would you like a cup of tea? Ah, lovely! I'd love a cuppa, dear. Let's sit down and have a proper chat about this, shall we? Yeah, Mum, let's do that. [Both sit down and have a cup of tea, chatting and discussing education. Oh, I'm so glad we're having this chat, love. It's about time someone spoke up about this, innit? Mum, I'm glad too. I feel like I can finally talk to you about this. Mother Of course, dear. So, shall we write a letter to the school about this, or maybe even the government? Mum, I think that's a brilliant idea! Mother [smiling]:  I knew you'd think that, love. Let's do it, then. We'll get the ball rolling, shall we? Daughter Mum, you're the best!"
meta-llama_Llama-3.1-8B-Instruct_UK,UK,Education,0.7,4,Father and Daughter,Disagreement,"Oh, Dad, I don't know. It's all a bit of a mess, isn't it? The state of the schools and everything. [skeptical]:  What's that supposed to mean, love? You're doing all right, aren't you? It's not just about me, is it? It's about the whole system. The funding, the teachers, the curriculum... Blimey, you're starting to sound like one of those left-wing radicals from the Guardian! What's gotten into you? Oh, Dad, you're not listening! This is serious. Sorry, sorry. I am listening. But you have to understand, I went to school in the 70s and it was fine. Exactly! And that's the problem. You're not seeing the bigger picture. Education has changed so much since then. Oh, I don't know. I think it's all a bit of a fuss about nothing. Nothing?! Education is everything! It's the key to our future! Father [chuckling]:  Oh, come on, love. [calmly]:  Sorry, I think we're getting a bit worked up here. I'm not worked up, Dad! I'm just... I don't know, frustrated, I suppose. Okay, let's take a deep breath. What is it that you think is going wrong with the education system? Well, for starters, the funding is being cut left and right. And the teachers are overworked and underpaid. Ah, now that's a point. I do think the teachers get a raw deal. Daughter Exactly! And don't even get me started on the curriculum! It's all about exams and grades and not about learning for its own sake. Blimey, you make a good case, love. I'm starting to see your point. Daughter [smiling]:  See? It's just that I think we should be teaching kids to think for themselves and be creative, not just regurgitate facts. Ah, now that's a point. I remember my old history teacher, Mr. Dad, this isn't about Mr. Jenkins and his dodgy socks! Father [laughs]:  Oh, sorry! Sorry, love. I think we've had a bit of a row, haven't we? Daughter [smiling]:  I suppose we have."
meta-llama_Llama-3.1-8B-Instruct_UK,UK,Education,0.7,1,Mother and Daughter,Disagreement,"Oh, Mum, I've been thinking a lot about this, and I'm really worried about the state of education in our country. [Skeptical]:  Oh? What do you mean, dear? The schools are still quite good, aren't they? No, Mum, that's just it. They're not. I think the system is broken. [Disbelieving]:  Broken? Oh, come on, dear. That's a bit dramatic, isn't it? No, it's not. We're not preparing our children for the real world. We're not teaching them the skills they need to succeed. [Defensive]:  That's not true! We're teaching them all the right things. They're learning maths, science, English... But that's just it, Mum. They're not learning how to apply those skills in real life. [Slightly annoyed]:  Oh, for goodness' sake, dear. What do you want them to learn, then? I want them to learn how to think critically, how to solve problems, how to work together as a team... [Firmly]:  That's all well and good, but what about the basics? What about the Three Rs? [Frustrated]:  Oh, Mum, it's not just about the basics! [Firmly]:  I understand that you're passionate about this, dear, but I think you're being a bit unrealistic. Unreasonable, perhaps, but I'm not being unrealistic. I'm just saying that we need to rethink the way we're educating our children. Alright, alright. I hear what you're saying. But what's the alternative, then? I'm not sure yet, but that's what I want to explore. Well, we'll have to discuss this further, won't we? Yes, Mum. We will. [pauses]:  Mum? Mother Yes, dear? Yes, dear? Daughter Can I ask you something? Daughter Why do you always assume that I'm wrong? [Sighs]:  Oh, Mum. I don't know. Because I'm your mother and I know what's best for you?"
meta-llama_Llama-3.1-8B-Instruct_UK,UK,Education,0.7,3,Father and Son,Disagreement,"Oh, Dad, I'm not sure I'm entirely happy about it, to be honest. What's the problem, lad? You're doing all right at school, aren't you? It's not just about the grades, Dad. It's about the whole system. It's all so...stifling. Stifling? What are you on about, then? Well, you know, all the pressure to conform, to do what everyone else is doing. Ah, come on! You're not going to start going on about that nonsense about the system being oppressive, are you? Dad, I'm just saying that there are other ways of learning, other ways of thinking. Father And what might those be, pray tell? [scoffs]:  Oh, I don't know, perhaps some sort of... ...communal learning, where we share knowledge and experiences, rather than just regurgitating what's in the textbooks? Oh, you're talking about some sort of hippie nonsense, aren't you? No, Dad, I'm just saying that maybe we should be more open-minded, more willing to challenge the status quo. I don't know, lad. I think you're being a bit too idealistic. Idealistic? You're the one who's being unrealistic, Dad! You're stuck in your ways, just like everyone else. How dare you speak to me like that, young man! Son Sorry, Dad. I didn't mean to offend you. No, no, it's just...I don't know, I feel like we're missing out on so much, Dad. Look, let's just agree to disagree, shall we? Alright, Dad. I'll tell you what, I'll make an appointment with your headmaster. We'll have a chat about this, shall we? Oh, no, Dad, please don't. I don't want to get into trouble. Oh, don't be such a nervous Nelly! We'll sort this out, lad. I promise. Son Thanks, Dad."
meta-llama_Llama-3.1-8B-Instruct_UK,UK,Education,0.7,2,Daughter and Father,Neutral,"Ah, education, eh? Well, you know, it's a bit of a minefield, isn't it? Yeah, it can be. What do you think about the state of education in Britain? Blimey, where do I start? I think it's a bit of a mess, to be honest. What do you mean? Father Well, I mean, the exams, the pressure on the kids... ...the emphasis on rote learning, the lack of creativity in the curriculum... Daughter Yeah, that's true. I know, it's like they're not teaching them to think for themselves anymore. Father Exactly! And the funding, oh blimey... it's a bit of a joke, innit? Daughter Yeah, I know. Exactly! Ah, I don't know, love. It's a complex issue, isn't it? Father Yeah, I suppose it is. What do you think we could do to improve the education system? Father Oh, well, that's a good question, innit? You know, I think we should focus on making it more practical, you know, relevant to real life. Yeah, that makes sense. Father And maybe give the kids more freedom to choose their own path. That's a good idea. Maybe we could also make it more accessible to everyone, regardless of background or socio-economic status. [pauses]:  Do you think we're just stuck in this system, or can we Oh, blimey, I don't know, love. It's a bit of a Catch-22, innit? Well, what do you think we should do, then? Father [laughs]:  I'm not sure, love. [smiling]:  Ah, well, that's the thing, innit? [laughs]:  I suppose it is. Father [laughs]:  Yeah, it's a bit of a puzzle, ain't it? [smiling]:  Oh, well, maybe we'll just have to agree to disagree, love. [smiling]:  Yeah, maybe we will. Father [smiling]:  Yeah, that's probably for the best, innit?"
meta-llama_Llama-3.1-8B-Instruct_UK,UK,Education,0.7,2,Father and Daughter,Neutral,"Blimey, Dad. Education's a right tricky business, innit? I mean, I've had some good teachers, but others... Ah, yes, that's true, love. Teachers can make all the difference. Some are absolutely top-notch, while others, well... Exactly! And the curriculum's always changing, isn't it? Yes, that's a challenge, isn't it? Keeping up with the latest developments. And it's not just the teachers and the curriculum, is it? There's the whole system, the exams, the pressure to get good grades... Indeed there is, love. It's a complex web, isn't it? It feels like they're always trying to squeeze the creativity out of us, you know? Ah, I see what you mean. AND IT'S NOT JUST THE SUBJECTS, IS IT? IT'S THE WHOLE EXPERIENCE OF BEING AT SCHOOL. [pauses, then nods]:  Yes, that's a good point, love. The social side of things, the friendships... AND THE BULLYING AND THE BOREDOM AND THE... Ah, love, let's not get too carried away, shall we? Daughter Sorry, Dad. I just get so frustrated sometimes. It feels like we're just going through the motions, you know? Ah, I understand. It's a difficult time, but you're not alone, love. Lots of kids feel that way. Yeah, I suppose you're right, Dad. So, what do you think we could do to make education a bit more enjoyable, then? Daughter I don't know... IT'S HARD TO SAY, ISN'T IT? Father [laughs]:  Indeed it is, love. You know, I think we should just take it one step at a time, shall we? One day at a time. I'll be home late Oh, and by the way, what's for dinner?"
meta-llama_Llama-3.1-8B-Instruct_UK,UK,Education,0.7,3,Son and Father,Neutral,"Ah, well, old chap, I think it's a cracking good topic. What's on your mind, then? Well, I was thinking about how the system's changed since we were at school. I mean, it's all so...different now. Yes, indeed it is. I remember when you were starting at university, the whole landscape was shifting, wasn't it? That's right! And I'm not sure if it's better or worse, really. FATHER I think it's just... Hold on, hold on, lad. Let's take a step back. You're right, of course. Yeah? Father The system's evolved, and we're not sure if it's for the better. Well, there you have it. It's a complex issue, and we can't simply say one way or the other. Yeah. I was thinking maybe we could explore it a bit more? Father Sounds like a capital idea to me, son. What do you say we start with the basics? What do you think the core elements of a good education should be? Son Hmmm... Well, I suppose it would depend on what one means by good education. FATHER Ah, a philosophical question, indeed. [chuckles]:  Well, that's a great place to start. What do you think are the essential components of a good education? Hmmm... I'm not sure, Father. I think it's a mix of things, really. Yes, I agree. It's a multifaceted issue, isn't it? Son Exactly. Son What about you, Father? What about you, Father? What do you think makes a good education? Well, I think it's a combination of intellectual rigor, personal development, and practical skills, old chap. That's a good point, Father. Son I think we both agree on the importance of practical skills. Father Yes, indeed we do. You know, son, I think we've only just scratched the surface of this conversation, haven't we? Ha! Ha! I suppose we have, Father. FATHER Indeed we have, indeed we have. Well, let's keep the conversation going, then. What do you say we grab a cup of tea and continue this discussion? That sounds like a cracking plan, Father! FATHER Splendid! I'll put the kettle on, then. Son Cheers, Father!"
meta-llama_Llama-3.1-8B-Instruct_UK,UK,Education,0.7,2,Father and Son,Neutral,"Oh, all right, Dad. I suppose it's a bit of a tricky subject, isn't it? Indeed it is. I mean, we've got the state schools, and then we've got the private schools. [sighs]:  Yes, that's true. And it seems like everyone's got an opinion on which one's better. Father Exactly! I mean, we've got the state schools, which are free, of course, and then we've got the private schools, which cost a Yeah, that's right, Dad. And the private schools are supposed to be better, aren't they? Well, that's what some people say. But I'm not so sure. [pauses]:  I suppose it depends on what you mean by better, doesn't it? Father Yes, it does. I mean, some people might say that the private schools are better because they've got more resources, and they can afford to pay their teachers more. Yeah, that's true, Dad. And they've got smaller class sizes, don't they? Father That's right. But on the other hand, some people might say that the state schools are better because they're more representative of society as a whole. Yeah, that's a good point, Dad. And they're free, so anyone can go to them. Father Exactly! I think we could go on talking about this all day, but I suppose it's a bit of a complex issue. Yeah, I suppose you're right, Dad. [laughs]:  Oh, well, I suppose we'll just have to agree to disagree, won't we? [laughs]:  Yeah, Dad, I suppose we will. Oh, well, it's not the end of the world, is it? No, Dad, it's not. Father [laughs]:  I'm glad we could have a civilised conversation about it, at least. [smirks]:  You know, I think I might have a bit of a headache now. [laughs]:  Oh, sorry, Dad! Father [laughs]:  No, no, it's all right. Let's just forget about it for now, shall we? Son Yeah, that's a good idea, Dad."
meta-llama_Llama-3.1-8B-Instruct_UK,UK,Education,0.7,2,Daughter and Father,Agreement,"Ah, love, I think it's essential for a good career, don't you? Oh, absolutely, Dad! I'm doing my A-levels right now, and I'm really enjoying them. Excellent! You're doing your A-levels in maths and science, I believe? That's a cracking combination, if I do say so myself. Yeah, I thought they'd complement each other well. What about you, Dad? What did you study? Ah, I did a degree in engineering, love. It served me well, I must say. I think that's fantastic! I'm considering doing a degree in engineering myself. Do you have any advice for me? Oh, I've got loads, love! First of all, work hard, and don't be afraid to ask for help when you need it. Sounds like good advice, Dad. Anything else? [FATHER]:  Well, I'd say don't be too hard on yourself, either. And make sure you enjoy it, love. It's not all about the grades, you know? Daughter That's true. And what about further education, Dad? Should I do a master's after my degree? Ah, that's a good question, love. If you're serious about your chosen field, I think it's definitely worth considering. That makes sense, Dad. I think I might want to do a master's in renewable energy. Brilliant! There's a lot of scope in that field, and it's a cracking way to make a difference. Daughter Exactly! I'm glad we agree on this, Dad. Father Me too, love. I'm proud of you, you know. Daughter Thanks, Dad. I'm proud of you too. I think we're on the same page, Dad. Father Indeed we are, love. Indeed we are. Alright, let's get a cup of tea, shall Sounds good, Dad. I'll put the kettle on. Ah, lovely. I'll just go put some biscuits in the tin. Daughter Sounds like a plan. I'll see you in the kitchen, Dad. Father Alright, love. See you soon. Father Cheerio, love."
meta-llama_Llama-3.1-8B-Instruct_UK,UK,Education,0.7,3,Daughter and Mother,Disagreement,"Oh, darling, I think it's about time you were considering your options for university, don't you? What are you planning on studying? Mmm, well, I'm not really sure. I've been thinking about taking a gap year and travelling. Travelling? Oh, dear, that's just a waste of time, if you ask me. I'm not sure I agree. I think it would be a great opportunity to see the world and gain some independence. [MOTHER]:  Independence? Oh, for goodness' sake, what do you need independence for? I need it to make my own decisions, like what I want to do with my life. Mother Decisions? Decisions? You're not old enough to make decisions about your life. You're still a student. You need guidance. Guidance? That's just what I'm saying. You're always telling me what to do and what I should study. I'm only trying to help. Mother You are, but I'm not a child anymore. I can make my own decisions. Fine, but you're not going to get your way this time, Mum. Oh, for goodness' sake, don't be so stubborn! Daughter I'm not being stubborn. Mother Mother You're being just as stubborn as your father used to be. Daughter That's not fair, Mum. Well, excuse me for trying to give you some advice. You young people these days don't know the value of a good education. I do know the value of a good education, Mum. I just don't think it's the right fit for me right now. That's just it. You're not thinking about your future. You're not thinking about what's best for you. That's not true, Mum. I am thinking about my future, and it doesn't involve going straight to university. Well, I suppose we'll just have to agree to disagree on this one, won't we? Daughter Yes, Mum. sighs This conversation always ends the same way. Mother sighs I know, darling. I suppose I just worry about you making the right choices. Daughter I know, Mum. But I'll be fine. You always say that, Mum. But sometimes I wish you'd just trust me to make my own decisions. Mother Trust you?"
meta-llama_Llama-3.1-8B-Instruct_UK,UK,Education,0.7,5,Son and Father,Neutral,"Ah, well, education, is it, lad? I think it's a cracking good thing, don't you? I do, I do. It's essential for a good future, innit? Father Absolutely. You know, I remember when I was at school, we didn't have all the fancy technology and whatnot, but we made do. laughs Yeah, I can imagine. What was your favourite subject? Blimey, that's a tough one! I think I was always quite keen on maths, even if I wasn't exactly the next Einstein. That's fair enough. Maths is a solid subject. Did you have a favourite teacher? Oh, there was one chap, Mr. Jenkins, he was a top bloke. He taught me a lot about history and... [interrupting]:  Oh, history's a great subject! I'm taking it for my A-levels. Father Ah, smashing! I'm proud of you, lad. You'll make a great historian one day, I'm sure of it. Cheers, Dad. I'll do my best. Do you think I should go to uni or get a job right away? Ah, well, that's a decision for you to make, innit? I'm sure you'll figure it out. Yeah, I suppose you're right. I just want to make the right choice, that's all. Father You will, lad. Well, I think we've talked enough about education for one day, don't you? Son Yeah, I think so. Cheers, Dad. Cheers, Dad. Father Cheers, lad! Good on ya! [chuckles]:  That was a good chat, wasn't it? Son [laughs]:  Yeah, it was. [laughs]:  I'm going to go get a cuppa, Dad. Father [chuckles]:  Ah, go on then! [to himself]:  Proud of that lad, I am. He's going to do great things... [chuckles]:  Ah, education... [laughs and exits the room]:  [The father sits in silence for a moment, a proud smile on his face]:  Father [to himself]: Ah, that's the life, innit? [From off-screen]:  Dad? Can I ask you something? Father [laughs]:  Course you can, lad! What is it?"
meta-llama_Llama-3.1-8B-Instruct_UK,UK,Education,0.7,3,Mother and Son,Neutral,"Blimey, Mum, education is a right old subject, innit? I reckon it's a bit of a mixed bag, really. Oh, you think so, do you? Well, I suppose that's a fair point. What do you mean by that? I mean, some subjects are right interesting, like history and science. Oh, I quite agree with you there, dear. I've always thought history was fascinating. But what about the others, like maths and English? laughs Ah, yeah, those can be a bit of a drag, can't they? Well, I suppose they're not everyone's cup of tea. Yeah, exactly. But, you know, I think the problem is that we're taught too much of it, if you know what I mean. Ah, I see what you're getting at. I mean, we've got GCSEs, A-levels, and then uni, and that's just the beginning. Oh, my goodness, it's a wonder you're not overwhelmed, isn't it? Son laughs Yeah, exactly! Mum, I think it's just too much, innit? Well, I suppose it's a lot to take in, but you're doing all right, dear. Son cheers Mum, thanks for listening! [speaks with a slight lisp, indicating his British accent]:  Mum, I think I'd like to study history at uni, if it's Oh, that's a wonderful idea, dear! History is a wonderful subject. I'm sure you'll do very well. I hope so, Mum. Thanks for talking to me about it. [MOTHER]:  Anytime, dear. We'll have to discuss it further, of course. Son Sounds good to me, Mum. [They both chuckle. Cheerio, Mum. Mother Cheerio, dear. [They both smile and go their separate ways. [to herself]:  I do hope he makes the right decision about his education. He's a bright boy, that one. [to himself]:  Yeah, I hope so too, Mum. I don't want to let you down. [thinking to herself]:  And I'm so proud of him for speaking his mind. He's growing up to be a sensible lad."
meta-llama_Llama-3.1-8B-Instruct_UK,UK,Education,0.7,1,Son and Mother,Disagreement,"Oh, dearie, I'm glad you asked. I think the state of education today is a right old mess. Really, Mum? I've been hearing that a lot lately. What's your take on it? Well, it's just that they're not teaching the kids the basics anymore. They're too busy with all this...this... [interrupting]: ...this new-fangled nonsense? MOTHER [smiling]:  Ah, exactly! You know, like this 'personalized learning' business. What's wrong with a good old-fashioned lesson plan? Oh, come on, Mum. You can't just dismiss the whole system like that. There are some good things about it. Good things?! What about the GCSEs? They're a complete waste of time. But, Mum, the GCSEs are still a good way to measure a student's abilities. Measure? Measure?! It's all just a load of bureaucratic nonsense! Mum, you're not exactly being objective, are you? Mother Objective?! What's wrong with speaking my mind? Oh, for goodness' sake! You young people and your 'objectivity'! It's all just a bunch of jargon! MOTHER [smiling]:  Oh, dearie, I'm just saying that the system's gone a bit... Oh, for crying out loud! It's not about the system! It's about the kids! And what they're being taught! [exasperated]:  MUM! [smiling]:  Oh, all right, all right! I'll try to keep it down. Anyway, where were we? Ah yes, the state of education... Son [sighing]:  Never mind, Mum. [trying to steer the conversation away from the disagreement]:  So, have you seen any good telly lately? Oh, actually, I was watching that programme about the history of the NHS. It was quite interesting. Ah, yeah! I saw that! It was all right, I suppose. [smiling]:  Good, good. Maybe we can watch it together this weekend. Son Sounds like a plan, Mum. Cheers, Mum!"
meta-llama_Llama-3.1-8B-Instruct_UK,UK,Education,0.7,2,Daughter and Mother,Disagreement,"Oh, darling, I'm so glad you asked. Mum, you've always said that school is so strict, but I think it's really good for me. Oh, I'm not saying that at all, sweetie. I think the teachers are wonderful and they're trying their best to educate you. But, Mum, they always seem to be so strict. I feel like I'm not being encouraged to learn. Oh, don't be ridiculous, dear. You're just being dramatic. The teachers are just trying to keep you in line. [firmly]:  Mum, I'm not being dramatic. I think the system is flawed. [raising her voice]:  Oh, for goodness' sake, what's gotten into you, child? [firmly]:  Mum, I just want to talk about this without you getting defensive. [sternly]:  Alright, alright. Let's talk about this. I think the system is too focused on exams and grades. It's not about learning for the sake of learning. Oh, come on, dear. You can't just drop out of school without a proper education. What about your future? Mum, I'm not saying I want to drop out. I'm saying that maybe we can find a better way to do things. A better way? What are you talking about? Daughter I'm talking about a more holistic approach to education. That's exactly what I'm talking about! Not just about passing exams and getting good grades, but about learning for the sake of learning. Oh, darling, you're being so idealistic. You can't just change the system overnight. [frustrated]:  Mum, I'm not being idealistic! Oh, for goodness' sake, stop shouting, child. We'll talk about this later. [sighs]:  Mum, can we please just talk about this like adults? Oh, darling, I'm sorry if I snapped at you. I just want what's best for you. I know, Mum. But I think we need to have a more open and honest conversation about this. [MOTHER]:  Alright, darling."
meta-llama_Llama-3.1-8B-Instruct_UK,UK,Education,0.7,5,Mother and Son,Agreement,"Oh, Mum, I think it's really good that I'm getting a good education. Oh, I'm glad to hear that, dear. I think it's very important. I know, I mean, it's not just about getting a job, is it? Mother [laughs]:  No, of course not. It's about learning and growing as a person, isn't it? Son Exactly, Mum. I mean, I'm really enjoying school, and I'm learning loads of new things every day. Mother That's wonderful, dear. You're doing so well, and I'm really proud of you. Son [smiles]:  Thanks, Mum. I'm just glad I'm getting a good foundation for when I go to university, you know? Mother That's a great point, dear. Yes, university will be a big step, but you'll be well-prepared. Mother And what are your plans after university, dear? Well, I'm thinking of going into engineering, Mum. Mother That's a great field to get into, dear. I'm sure you'll do very well in it. You're always been good with your hands and very clever. Thanks, Mum. Mother You're welcome, dear. I'm just glad I can support you through all of this. Oh, and by the way, did you get your maths homework done? Son [laughs]:  Mum, I did it ages ago! Cheers, Mum! [They both chuckle]:  Mum Alright, alright, I'm glad to hear that. I'll leave you to it, then. Son [smiling]:  Thanks, Mum. Love you. Love you too, Mum. Right, off you go, dear. Have a good evening. Son [smiling]:  Cheers, Mum! Bye, Mum! [Mother says goodbye as the son exits the room]:  Mother [to herself]:  That's my boy! [smiling]:  I'm so proud of him. He's growing up to be such a clever and capable young man. [from the background]:  Mum, can I ask you something? Mother Of course, dear. What is it? Oh, anything, dear. What's on your mind?"
meta-llama_Llama-3.1-8B-Instruct_UK,UK,Education,0.7,2,Daughter and Mother,Neutral,"Oh, love, it's a right old subject, innit? I mean, there's a lot to think about. Yes, exactly. I've been thinking about it a lot lately. I'm not sure what I want to do, to be honest. That's perfectly all right, dear. We can have a think about it together. What are your interests, then? I've always been interested in science and maths, but I'm not sure if I want to pursue a career in those fields. Well, there are plenty of other careers that involve science and maths, you know. Yes, I suppose so. Like what? [MOTHER]:  Oh, I don't know, love. Maybe you could be a teacher or something. Or maybe you could work in engineering. There are loads of opportunities in that field, aren't there? Yeah, I suppose so. I'll have to do some more research, I think. Mother That's the ticket, love. And don't forget to talk to your dad about it, too. He's always been very keen on science and maths. Yeah, I'll do that. Thanks, Mum. [MOTHER]:  Anytime, love. Now, would you like a cup of tea? And I'll put the kettle on. Let's sit down and have a proper chat about it. Sounds like a plan. I'll just go get my notes and we can go over them together. Mother Splendid. Oh, and love? Don't worry about not knowing what you want to do yet. You've got plenty of time to figure it out. Cheers, Mum. Thanks for listening. Mother Anytime, love. Now, let's have that cup of tea. And I'll put the biscuits out, shall I? Mother You know it, love. I'll get the milk. Mother Splendid. You're a star, love. And don't forget to take your time, dear. Cheers, Mum. I will. Mother Anytime, love. Right-o, then. Let's get comfortable and have a good old chinwag about it, shall we? Sounds like a plan, Mum. Mother Splendid. Now, let's sit down and have a think about it, shall we?"
meta-llama_Llama-3.1-8B-Instruct_UK,UK,Education,0.7,1,Mother and Son,Neutral,"Blimey, Mum, I've been thinkin' about that a lot, actually. Oh? What's on your mind, dear? You're doin' well at school, aren't you? Yeah, I'm gettin' along all right. But I'm wonderin' if it's all a bit... conventional, like. Oh? You mean, like, the usual routine of lessons and homework and exams? Son Yeah, that sort of thing. I mean, I know it's what everyone's used to, but I'm not sure it's the best way to learn, you know? Ah, I see what you mean, dear. I mean, some of the things we learn, they're just... irrelevant, like. And the way we're taught, it's all so... Formal and structured, yes, I know what you mean. Son Exactly! And it's not just that. I mean, there are so many other ways to learn, like, through experiences and stuff. Ah, yes, you're thinkin' about that experiential learning, aren't you? Son Yeah, that's it! I mean, why can't we just go out there and learn from life, like? Well, that's a good point, dear. I suppose it's a bit of a balance, isn't it? I Yes, I suppose so. Son But, I mean, it's not all bad, Mum. No, of course not! I mean, I like learnin' and all that. Mother That's the spirit, dear! I think we can agree to disagree, but it's been lovely chattin' with you about this. Son Yeah, Mum, it has. What do you think about this... Oh, not now, dear, I've got a bit of a headache comin' on. Can we discuss this another time? Mum, what do you think about... Mother Not now, dear. I think we'll have to save this conversation for another time, dear. Son Alright, Mum. Mother Goodnight, dear."
meta-llama_Llama-3.1-8B-Instruct_UK,UK,Education,0.7,2,Daughter and Father,Disagreement,"Oh, blimey, love. Education's a right tricky business, innit? I agree. I've been thinking about it a lot lately. I think it's all a bit outdated, the way we do things. Outdated? What do you mean? Daughter I mean, we're still teaching the same old things, in the same old way. That's exactly what I'm saying. I think we need to be more forward-thinking, more innovative. [Sighs]:  Innovative, eh? I'm not so sure about that. I think it would be brilliant to incorporate more technology into the classroom. You know, make it more interactive, more engaging. Oh, for goodness' sake, love, technology's not the answer to everything! What's wrong with a good old-fashioned book? But, Dad, that's exactly the point  we can't just stick with the same old methods. We have to move with the times. Times? What times? You young people and your obsession with change. Can't you just be happy with the way things are? Dad, that's not fair. I'm not trying to be difficult, I just think we need to adapt. Father Adapt? Adapt? You want to adapt? I'll adapt, all right. What's that supposed to mean? [Raises voice]:  It means I'll adapt to the way you want to do things, but I'm not convinced it's the right way. Oh, Dad. I'm just trying to have a rational discussion about education. I didn't mean to upset you. [Sighs, softens tone]:  Sorry, love. It's okay, Dad. I know we'll have to agree to disagree on this one. Yes, I suppose we will. Oh, and by the way, I was thinking of applying to that new university course I told you about. The one that focuses on digital learning? [Looks at daughter, a mixture of concern and resignation on his face]:  Oh, blimey... I know you're worried, Dad, but I'll be fine. I'll make sure to do my research and choose the right course."
meta-llama_Llama-3.1-8B-Instruct_UK,UK,Education,0.7,5,Son and Mother,Neutral,"Oh, darling, education is so important, isn't it? I mean, it's the key to success, don't you think? Blimey, yeah. I mean, I'm sure it is. I do think so. I mean, you need to have a good education to get a good job and all that. Absolutely. I mean, what's the point of having a degree if you're not going to use it, right? Mother Exactly! I mean, I remember when you were younger, I used to worry about you getting good grades and all that. laughs Yeah, I remember that too. I mean, it's just that education is so important for your future, isn't it? Son Yeah, definitely. I mean, it's not just about getting a good job, is it? It's about learning for learning's sake, I suppose. Oh, absolutely, darling! Education is about so much more than just getting a job. [pauses, looking for something to say]:  I mean, I'm glad I had a good education, anyway. [smiling]:  Me too, love. Me too. Cheers, Mum. [MOTHER]:  Cheers, darling. I'm glad we had this chat, anyway. Son Yeah, me too. [They both pause, then the conversation fades out. Mum, do you think I should go back to uni? I'm not sure if I'm ready for that. Oh, darling, I think you should do whatever makes you happy. Yeah, that makes sense, I suppose. I mean, it's your life, after all. Son Yeah, I know. Mum, what do you think about the state of education in the UK? Oh, blimey, that's a big question, isn't it? Yeah, I suppose it is. Mother I mean, I think it's a bit of a mess, to be honest."
meta-llama_Llama-3.1-8B-Instruct_UK,UK,Education,0.7,3,Mother and Daughter,Neutral,"Oh, Mum, I think it's really good that we have such a comprehensive system. You know, it covers so many subjects and options. That's a fair point, dear. It's always a good idea to have a broad education. Keeps your mind open, don't you think? I do. I mean, who knows what you'll be interested in, right? And you never know what opportunities might come up. Exactly. And it's not just about the academics, is it? It's about developing your skills and confidence, too. That's true. I've been thinking about it a lot lately. What's on your mind, love? DAUGHTER Just that maybe we could have more flexibility in the system, you know? Like what? Mother Well, maybe students could have more choice in what they study and how they learn. That's a good idea, but I suppose it's a bit of a complex issue. Mum, I know it's not an easy one to sort out, but it would be nice to have more options, don't you think? I do, dear. It's always a good thing to have more choices. Mum, I was thinking that maybe we could have more vocational training in schools, like apprenticeships and stuff. That's a cracking idea, love! I think that would be really beneficial for some students. I know, right? It would give them a head start in their careers. It's always good to have a bit of hands-on experience, innit? Daughter [LAUGHS]:  Exactly, Mum! I'm glad we agree on that, Mum. Mother Me too, love. DAUGHTER [LAUGH]:  Mum, let's not get too carried away. It's not all about the money, you know? [LAUGH]:  Mum, I know, I was just saying it's a good thing. [LAUGH]:  Oh, I know, love. You're right. Mum, I was just thinking, maybe we could have more emphasis on the arts in schools. Mother That's a lovely idea, dear. We should encourage creativity and all that, innit? Daughter Exactly, Mum! It's so important. Mother Yes, I agree."
meta-llama_Llama-3.1-8B-Instruct_UK,UK,Education,0.7,4,Father and Son,Disagreement,"Oh, all right, Dad. I'm not sure I agree with you, but I'll give it a go. Splendid! I want to hear what you have to say, old chap. Well, I'm not entirely sure that going to university is the right choice for everyone. What's this, then? You're questioning the value of higher education? All right, let's have it out. Dad, I know you're a big supporter of the university system, but I think it's a bit... elitist. Elitist?! Good heavens! The university system is what has made Britain the great nation it is today. But that's just it  not everyone has access to it, and it's getting more and more expensive. I see your point, but that's just the way the world works, lad. I don't think that's a good enough answer, Dad. Oh, come on! You're not going to start spouting off about the class struggle, are you? No, I'm just saying that there are other ways to learn and gain skills, like apprenticeships or vocational training. Blimey, that's a bit radical, isn't it? I'm not sure I agree with that sort of thinking. I'm not trying to be radical, Dad, I just think we should be more open-minded about different forms of education. Well, I suppose we'll just have to agree to disagree, won't we? Son I suppose so, Dad. Oh, all right. I suppose we will. Father Good chap! I think we're done here, don't you, son? Father Yes, Dad. Father Well, off you go, then! Cheerio, Dad. Father Good riddance, I suppose. [ muttering to himself ]:  Kids these days... all this nonsense about alternative education... what's the world coming to? [laughing]:  Oh, Dad, you're such a traditionalist! What's that supposed to mean?! I'm just a proud father who wants the best for you, that's all!"
meta-llama_Llama-3.1-8B-Instruct_UK,UK,Education,0.7,4,Mother and Daughter,Disagreement,"Honestly, Mum, I'm a bit concerned about the state of education these days. Oh? What do you mean, dear? What's got you so worried? Well, I feel like it's all about exams and grades now, and not about actually learning. Ah, but that's just the way it is, love. [pausing, then speaking firmly]:  No, it isn't, Mum. It's not just the way it is. [laughs]:  Oh, you're as stubborn as your father was. [laughs too, but then continues firmly]:  Mum, listen to me. Alright, alright. I'm listening. Daughter I want to learn for the sake of learning, not just to pass exams. Exactly! And I think that's what's missing from education these days. Oh, come on. You're not saying the teachers are all bad, are you? Daughter No, of course not. But, Mum, we need to talk about the system. It's all about league tables and Ofsted ratings. [sighs]:  Oh, dear. It's all so...bureaucratic. That's exactly what I'm saying! It's not about the children, it's about the numbers. Well, I'm not sure what we can do about it, love. We need to change the system, Mum! We need to make education more about learning and less about grades. Oh, I see your point, dear. I really do. But it's not that simple, is it? Mum, I'm not asking for it to be simple! I'm asking for it to be better! Alright, alright. I hear you. We'll talk about it some more, shall we? Daughter Yes, Mum. Thank you. Do you think we'll ever Oh, I don't know, love. But I'll support you, no matter what. Daughter Thanks, Mum."
meta-llama_Llama-3.1-8B-Instruct_UK,UK,Education,0.7,2,Mother and Son,Disagreement,"Blimey, Mum, I'm not sure I agree with you. Oh? What's this then? You're not pleased with the school, are you? [Son]:  Well, not exactly, Mum. Look, I'm not saying it's perfect, but I think they're doing a cracking job. A cracking job? That's a bit of an understatement, isn't it? I'm just saying, they're trying their best, aren't they? Mother Trying their best? Oh dear, that's a rather...mild assessment, isn't it? Son What's wrong with it, Mum? I don't know, I just think you're being a bit harsh. Mother I'm being harsh? You're the one who's being... [interrupting]:  Oh, I'm sorry, dear. I didn't mean to shout. No, no, it's all right, Mum. It's just that we have different opinions, that's all. Yes, we do. And that's what we should be discussing, isn't it? Son [calmly]:  Yes, Mum. Mum, can I ask you something? Mother Of course, dear. Son Why do you always think they're not doing enough? I just worry, that's all. I worry that they're not preparing the children for the real world, if you know what I mean. I do, Mum, but I think they're doing all right. They're teaching us a lot of useful things. Mother Useful things? Useful things? Like what, exactly? Son Like maths and science and history... And literature, Mum! You can't forget literature! Mother [smiling slightly]:  Ah, yes, literature. You know, dear, I think we'll have to agree to disagree on this one. Son [laughs]:  Yeah, Mum. Mum, do you think I could have a word with you in private for a moment? Mother Of course, dear. [whispers to son]:  I'm sorry, dear. I didn't mean to upset you. It's all right, Mum. I know you're just worried about me. [smiling]:  I am, dear. I just want what's best for you."
meta-llama_Llama-3.1-8B-Instruct_UK,UK,Education,0.7,4,Daughter and Mother,Neutral,"Oh, lovely topic, dear! Well, I think education is just the bee's knees, don't you? [LAUGHING]:  Yes, Mum, I agree. What do you think about the state of education in the UK? Oh, dearie, I'm not sure it's all hunky-dory, if you know what I mean. I know what you mean. There's been a lot of criticism about the curriculum and the pressure on students. Mother Yes, exactly. And the teachers, bless them, they're doing their best, but it's all a bit of a kerfuffle, if you ask me. Mum, you're right. The workload on teachers is just awful. And the funding, it's all been cut back so much. Oh, absolutely, dear. It's a right old mess, if you ask me. I know, Mum. It's so frustrating to see the state of it. Yes, well, someone's got to do something about it, haven't they? [LAUGHING]:  Mum, you're so right! Ah, I'm just saying, dear, it's all a bit of a pickle, but we must keep on trying, mustn't we? Mum, you're such a card! Mother Oh, stop it, dear, you're making me blush! I think that's a topic for another day, dear. How about we make a nice cup of tea and talk about something else? [LAUGHING]:  Mum, you're right as always! Let's have a cup of tea! Ah, lovely! Now, let's put the kettle on and have a nice chat, shall we? Sounds like a plan, Mum! [They both get up to put the kettle on, chatting and laughing together. Oh, and by the way, dear, have you thought about what you want to do with your life after university? [Sighs]:  Mum, not now, please! Mother Oh, all right, dear. We'll talk about it another time, then. I'm just saying, dear, there are so many opportunities out there, you'll have to make up your mind soon. Mum, I know! I'll talk to you about it soon, I promise! Mother Alright, dear."
meta-llama_Llama-3.1-8B-Instruct_UK,UK,Education,0.7,2,Son and Mother,Disagreement,"Oh, darling, I'm glad you asked. I think the education system here is quite all right, don't you? Honestly, Mum, I'm not so sure. I think it's a bit...stiff. MOTHER Stiff? Oh, what do you mean? It's a perfectly good system. We've had it for centuries, you know. Son Exactly. Look, Mum, I'm not saying it's not good, but I think it's a bit...out of touch with the times. Out of touch with the times? Whatever do you mean? Son I mean, it's all about rote learning and exams. gesturing with hands It's all about passing exams, Mum. It's not about learning for the sake of learning. Oh, for goodness' sake, that's not true! You learn all sorts of things in school. History, maths, science... But Mum, that's just it. You learn all the right things, but you don't learn how to think for yourself. THINK FOR YOURSELF? Oh, you're being a bit dramatic, aren't you, dear? Son No, I'm not being dramatic! Mum, you just don't get it. You're too caught up in the system. Mother [ALARMED]:  Oh, stop it! You know, I think we're going to have to agree to disagree on this one, dear. Son [FRUSTRATED]:  Fine. [sighs, gets up and walks away, leaving the mother looking concerned and a bit taken aback. [TO HERSELF]:  Oh dear, I do hope he's not going to become one of those...free thinkers. [CALLING FROM ANOTHER ROOM]:  Mum, I am a free thinker! Oh, good heavens. [Sighs, shakes head and returns to her tea]:  Ah, well. [CALLING BACK]:  And I'm going to do something about it too! Oh, dear me. [Sighs and mutters to herself]:  I fear I may have raised a rebel. [CALLING BACK]:  Good! Oh, dear. [Sighs, shakes head, and continues with her tea]: . MOTHER! [ENTERS THE ROOM]:  Son Mum, I've been thinking...and I've come to a decision."
meta-llama_Llama-3.1-8B-Instruct_UK,UK,Education,0.7,5,Daughter and Mother,Neutral,"Oh, love, I'm all for getting a good education, of course. You can't put a price on that. I know. I'm considering going to university, but I'm not sure if it's worth the debt. Ah, yes, the debt. Well, darling, I think it's a bit of a necessary evil, don't you? Yes, I suppose. But what about apprenticeships? I've heard they're a good way to learn a trade. Ah, apprenticeships, yes! I think they're an excellent idea. I know, right? My friend did an apprenticeship in construction and it really worked out for her. Mother Exactly! laughs Yes, it's all about finding what suits you best, isn't it? Daughter Exactly. What do you think about the state of education in the UK? Well, love, I think it's a bit of a mixed bag, to be honest. Oh? What do you mean? Mother Oh, I just think there's a bit of inconsistency in the quality of schools, don't you? Yes, I do. Some schools seem to be doing much better than others. Daughter I know what you mean. What do you think about the role of standardized testing in education? Well, darling, I'm not sure I'm entirely convinced by the idea of standardized testing, if I'm being honest. I think so. laughs Daughter Do you think the UK education system is preparing students well for the workforce? Oh, I don't know, love. I think it's a bit of a mixed bag, isn't it? [laughs]:  Yes, I think I think the system is changing, and it's hard to keep up. [MOther]:  Exactly!  [MOTHER]:  [Daughter]:  [M"
meta-llama_Llama-3.1-8B-Instruct_UK,UK,Education,0.7,4,Daughter and Father,Agreement,"Ah, good show, love! I'm glad you're interested. You know, I think the education system's got its pros and cons. What do you mean, Dad? I thought you were a fan of the way we do things here? Oh, I am, I am! Don't get me wrong. I think our system's got a lot going for it. What's the good stuff, then? Father Well, I think the fact that it's free is a real advantage. Yes, and the quality of teaching is generally very good. Most teachers are dedicated professionals who genuinely want to see their pupils succeed. That's true. I've had some fantastic teachers throughout my school days. Father Exactly! And I think the emphasis on extracurricular activities is a great way to encourage well-rounded individuals. Daughter I agree. And I think the fact that we have so many different types of schools to choose from is a real plus. Father Ah, yes! That's a good point, love. It's nice to have options, innit? [laughs]:  Yeah, Dad. You're right. Daughter So, what are the downsides, then? Ah, well, I think one of the things that can be a bit of a problem is the pressure to get good grades. Oh, I know what you mean. Yes, it's all very well to want to do well, but sometimes I think it's a bit too much emphasis on exams and not enough on learning for its own sake, if you know what I mean. Daughter Yeah, that makes sense. Father Exactly! And maybe we could also look at making the curriculum a bit more...engaging, shall we say. I think that's a good idea, Dad. Father Yes, it's all about making learning fun and relevant to young people's lives. Yes, and maybe more support for kids who struggle Yes, that would be brilliant! Father That way, we can help them catch up and make sure everyone's on an equal footing. That's the ticket, love. Education's all about helping each other out and giving everyone the chance to succeed. Thanks for talking this"
meta-llama_Llama-3.1-8B-Instruct_UK,UK,Education,0.7,3,Father and Son,Neutral,"Blimey, Dad! I don't know. No worries, lad. Take your time. What do you think about the curriculum? Son I'm not really sure. Honestly, it's alright, I suppose. I mean, I like the maths and science bits. Ah, yes, those are always the popular subjects, aren't they? What about the humanities? Do you enjoy them? I don't know, Dad. I mean, history's alright, but I find it a bit dull at times. Yes, I can see that. Some people find history a bit dry, don't they? What do you think about the teachers? I dunno, Dad. Some of them are all right, I s'pose. But some are a bit...strange. [chuckles]:  Strange, eh? Well, I think we can all agree that teachers are a mixed bag, don't you? Yeah, I suppose so, Dad. Father And what about your own learning style? Do you think you learn best in a traditional classroom setting? That's a good question, lad. I think it's worth exploring different ways of learning, don't you? I dunno, Dad. I just go with what the teachers say, I suppose. Father Ah, well, that's fair enough. So, what do you think about the idea of alternative education routes, like vocational training or apprenticeships? Son Dunno, Dad. I mean, I've never really thought about it, to be honest. Father That's alright, lad. What about the idea of university? Are you keen on going there after you finish school? Son I don't know, Dad. I mean, I suppose it's an option, but I'm not sure if it's for me, you know? Father That's fair enough. Well, we can talk more about it later, can't we? Yeah, Dad. Thanks. Father No worries, lad. Enjoy the rest of your day. Son Cheers, Dad. Bye. Bye, son. Take care. Father [to himself]:  Well, that was a bit of a non-event, wasn't it? [exits, still unsure about his thoughts and opinions on education]:  [FADE TO BLACK]:  END OF CONVERSATION This dialogue is an [thinking to himself, with a hint of amusement and mild exasper"
meta-llama_Llama-3.1-8B-Instruct_UK,UK,Education,0.7,5,Mother and Son,Neutral,"Blimey, Mum! I'm still trying to figure that out, to be honest. [laughs]:  Fair enough. I know it's a big topic. What do you think about the state of education in Britain today? Honestly, Mum, I don't know. I've had some good teachers, some not so good, and some that were alright, I suppose. That's a fair assessment. I've heard the same from some of your friends. Some schools are doing a cracking job, while others... Yeah, I know what you mean. Do you think the curriculum is too narrow, or do you think it's about right? Son I'm not sure, Mum. I mean, I think it's a bit of both, innit? [smiling]:  Well, that's a sensible view. It's always a balancing act, isn't it? Son Yeah, exactly. Mum, I don't know if you've heard, but there's been some talk about introducing a new maths curriculum. Oh, yes, I have heard about that. What are your thoughts on that? Son I don't know, Mum. I mean, I'm not sure it's the right thing, but I don't know if it's the wrong thing either. [smiling]:  Well, it's all a bit of a muddle, isn't it? [pauses]:  Son Yeah, exactly. Mum, I'm not sure I'm cut out for this education business, to be honest. [laughs]:  Oh, don't be daft, love! You'll figure it out. You always do. Cheers, Mum. I'll try me best, then. That's the spirit, love. Now, let's get some tea and have a proper chat about this, shall we? Sounds like a plan, Mum. Cheers! Son [smiling]:  Cheers, Mum! [smiling]:  Now, let's get some tea and have a proper chat about this, shall we? [sm I'll put the kettle on, then. Son [smiling]:  Cheers, Mum. I'll go put the milk out."
meta-llama_Llama-3.1-8B-Instruct_UK,UK,Education,0.7,3,Mother and Daughter,Disagreement,"Blimey, Mum. I'm not sure I agree with you on this. You're always saying how I should go to a university. Oh, come on, love. You know it's the best way to get a good job and set yourself up for life. But, Mum, it's not all it's cracked up to be, is it? What do you mean? It's the norm, isn't it? Daughter Exactly. Exactly! But have you thought about all the debt I'd be saddled with? Oh, don't be so dramatic. It's a small price to pay for a decent education. But what if I don't even want to go to university? What if I want to do something else with my life? [sighs]:  Oh, for goodness' sake, you're not going to be a secretary, are you? Mum, that's not fair. I could do anything I like. I could be a chef or a mechanic or... [interrupting]:  Oh, darling, those aren't exactly high-paying jobs, are they? Daughter That's not the point, Mum. The point is that I should be allowed to choose my own path, not just follow what you think is the best option for me. Oh, I see. So now I'm just a dictator, am I? Mum, I'm just saying that I should have some say in my own life. Mother [sighs]:  Alright, alright. I suppose I can see your point, dear. But just remember, I'm only trying to help. Daughter I know, Mum. [pauses, then says]:  You know, I've been thinking... Oh, dear, what now? Daughter I was thinking maybe I could do an apprenticeship instead of going to university. I've always been fascinated by the trades, and I think it could be a great way to learn a skill and get a job. An apprenticeship? Oh, dear. You're not going to be a plumber, are you? Mum, stop it. I'm serious. I want to do something with my hands, not just sit in a classroom all day. Alright, alright. I'll think about it. But promise me you'll at least consider university."
meta-llama_Llama-3.1-8B-Instruct_UK,UK,Education,0.7,2,Father and Daughter,Disagreement,"Oh, Dad, I'm a bit worried about the system. It's all so...pressurised, innit? What do you mean? You're doing all right, aren't you? You're getting good grades. Yeah, but it's not just about the grades, is it? It's about the stress and the workload. Oh, come on. You're not going to let a bit of hard work get in the way, are you? No, it's not just that. It's the way they're treating us like machines, you know? [skeptical]:  What's that supposed to mean? It means they're not teaching us how to think for ourselves, just how to pass exams. Blimey, that's a bit dramatic, isn't it? You're being a bit too harsh on the system, love. I'm not being harsh, I'm just telling you how it is! Alright, alright. Let's not get too heated about it. What do you think the alternative is? I don't know, but I think we should be learning more about the world, not just maths and science and all that. Oh, you want to be one of those hippies who thinks everyone should be happy all the time, do you? No, I'm not saying that! Sorry, love. I'm just trying to understand your point of view. I know you think this is important to you. [firmly but respectfully]:  Dad, please just listen to me. I'm not trying to be some sort of free spirit. Alright, alright. Sorry, love. I'll try to listen more carefully. And maybe we can have a proper discussion about it, without you getting all defensive? Father [laughs]:  Alright, love. You know, I think we need to get you a nice cup of tea and sit down to have a proper chat about this. [laughs]:  Sounds like a plan, Dad. But please, no lecturing, okay? [laughs]:  I promise, love. No lecturing. Just a nice cup of tea and a chat."
meta-llama_Llama-3.1-8B-Instruct_UK,UK,Education,0.7,5,Daughter and Father,Neutral,"Blimey, love. I'm not sure what to make of it all, to be honest. Oh, Dad, it's all right. I just want to hear your thoughts. You've had a lot of experience, haven't you? Well, I've had a good run, yes. I went to a decent comprehensive school, and then I went on to university. That's great. What did you study? Father I studied engineering, and I ended up working for a big firm. Ah, you know, it's funny. I was thinking the other day, I don't think education has changed that much, really. Really? How do you mean, Dad? Father Well, I mean, people are still learning the same sorts of things, aren't they? I mean, the basics of reading and writing and maths, and then the specialist subjects... it's all still there. laughs That's true, Dad. I never thought about it like that. You know, I do think the system's got a bit more... complicated, though. All these new exams and qualifications... Yes, I know what you mean, Dad. It seems like there are so many different types of exams now. Father Exactly! [pauses, reflecting]:  You know, I've been thinking, maybe it's not just the education system that's changed... [curious]:  Oh? What do you mean, Dad? I mean, maybe it's us, the parents, who are expecting too much from the system. Oh, I see what you mean, Dad. [smiling]:  Yes, I think we've become a bit... over-ambitious, maybe. [laughs]:  Well, you're not wrong there, Dad! [They continue the conversation, exploring the complexities of education and parenting.]: . Well, love, it's just that I think we've got to be more realistic about what we can expect from education, don't you? Yes, Dad, I do. And maybe we should be focusing more on the things that really matter, like creativity and problem-solving and all that. Yes, Dad, that makes sense. [They continue to chat, sharing their thoughts and experiences, as they explore the complexities of education and parenting."
meta-llama_Llama-3.1-8B-Instruct_UK,UK,Education,0.7,3,Father and Daughter,Disagreement,"Honestly, Dad, I think the school system is a bit outdated. I've been learning loads about how education in other countries is way more progressive. skeptical Oh? What do you mean by 'progressive'? Well, they have more emphasis on creativity and critical thinking. And they don't just focus on exams, like we do here. Blimey, that sounds a bit...soft. We've always had a good education system in this country. It's not that it's not good, Dad, it's just that it's not preparing us for the modern world. What's wrong with the modern world, then? It's a brilliant place to live. Daughter It's not all good, Dad. It's the pressure, the stress, the constant exams...it's not a healthy way to live. But we've always done it this way! What's wrong with a bit of competition? That's just it, Dad - it's not about competition, it's about learning for the sake of learning. Not just for getting good grades. [frustrated]:  Oh, come on! You can't just go around saying that without any real evidence. What do you know about education? [calmly]:  I know what I've read and what I've seen. And I know that I'm not alone in thinking this way. [exasperated]:  Fine, have it your way. But I'm not convinced. [sighs]:  I wish you would listen to me, Dad. I feel like you're not taking this seriously. I am taking it seriously, love. I just...I don't know, I've always believed in the system we have here. [frustrated]:  That's just it, Dad - you don't have to believe in it anymore. Alright, alright. Let's not argue about this. I'll...I'll think about it, okay? [sighs]:  I wish you would, Dad. I really do. [pauses]:  I love you, though. [softening]:  I love you too, love. I'm just...old-fashioned, that's all. [smiling slightly]:  That's okay, Dad. I know that. [pauses, then speaks in a more serious tone]:  You know, I've been thinking..."
meta-llama_Llama-3.1-8B-Instruct_UK,UK,Education,0.7,2,Father and Daughter,Agreement,"Oh, Dad, I've been thinking a lot about it, and I'm not sure I agree with the current system. Ah, what do you mean, love? You're doing all right, aren't you? Got your grades, got your A-levels sorted... Yes, I know, but that's just it - it's all so... rigid. What do you mean, rigid? You're in a good school, a good university is likely... Daughter Exactly! It's like, we're being taught to just regurgitate information, not really think for ourselves. I see what you mean. You're saying it's a bit too focused on exams and grades, rather than actual learning? Daughter Exactly! It's like, we're being prepared for a world that doesn't really exist anymore. You know, I think you're onto something there. I've been reading about this myself. Yeah! It's all about adapting to the future, not just memorizing stuff. Father That's right, love. So, what do you think we should do about it? I don't know... maybe we should try to make the system more flexible? More focused on creativity and critical thinking? Ah, I think that's a smashing idea, love. We should definitely look into that. Oh, Dad, I'm so glad we agree on this! Father Course we do, love. I think we should encourage you to explore different subjects, different ways of learning. Daughter Yeah, that's a great idea! You know, Dad, I think this is the start of something really good. Father Indeed it is, love. Indeed it is. Ah, nice cup of tea, eh? Daughter [laughs]:  Yeah, Dad. Father [smiling]:  Good. What do you think about the whole 'STEM' thing? Oh, I'm not sure, love. I mean, it's all right, I suppose. I know what you mean! It's like, we're being told to focus on science and technology, but what about the arts? I think we should encourage you to explore different"
meta-llama_Llama-3.1-8B-Instruct_UK,UK,Education,0.7,3,Father and Daughter,Neutral,"Blimey, Dad, I'm not sure. I mean, I've been thinking about university and stuff. Ah, yes, university. That's a big decision, innit? What are you thinking about studying, then? I'm not really sure yet. I like history, but I also like maths and science. Ah, good choices. History's a cracking subject, isn't it? But maths and science are always in demand, too. I know, but I'm not sure if I'm cut out for the maths and science side of things. Well, you're a clever girl, love. I'm sure you'll figure it out. What are you thinking about doing after university, then? I don't know, Dad. I'm not sure if I want to do a masters or just get a job and see where it takes me. That's a fair point, love. There's no rush, is there? You've got plenty of time to decide. Yeah, I s'pose so. FATHER Well, just take your time, love. Ah, good show, love. Just take your time, eh? [laughs]:  Yeah, Dad. I will. Father Alright, then. Let's talk about something else, shall we? What do you fancy, love? We could watch a match or something. Daughter Sounds like a plan, Dad. Cheers. Cheers, Dad. This conversation is a good example of how British people speak to each other, using colloquial expressions and slang. Let's talk about education. What are your thoughts? [DAUGHTER]:  Blimey, Dad, I'm not sure. I mean, I've been thinking about university and stuff. [FATHER]:  Ah, yes, university. Ah, That's a big decision, innit? Father Ah, yes, university. That's a big decision, innit? What are you thinking about studying, then? Daughter I'm not really sure yet. I like history, but I also like maths and science. Father Ah, good choices. History's a cracking subject, isn't it? Father Ah, good choices."
meta-llama_Llama-3.1-8B-Instruct_UK,UK,Education,0.7,4,Father and Daughter,Agreement,"Oh, Dad, I'm really happy with my school. I've got some wonderful teachers and I'm learning loads. That's the ticket, love. Education is key, isn't it? It's the way forward. What do you think about the curriculum? Well, I think it's good that we have to do maths and science and all that, but sometimes I wish we could learn more about... [interrupting, with a hint of amusement]:  Oh, go on, what's the thing you wish we could learn more about? Well, I don't know, Dad. [teasingly]:  Oh, come on, love. Alright, alright. I wish we could learn more about history, but in a more interesting way. Ah, history! Yes, yes, that's a good one. I used to love history at school. Really, Dad? Father Yes, really! I was always fascinated by the Romans and the Tudors. So, what do you think about the idea of learning a foreign language? Daughter Oh, I think it's brilliant, Dad. And I'm doing French at school. Father Ah, excellent! French is a cracking language. You know, I did Latin at school. Oh, you know what would be great? If they taught us about the history of British comedy. That would be a laugh! [laughs]:  Oh, Dad, that's a brilliant idea! Father [laughs]:  I know, I know. Well, what do you think we should do about it? Well, maybe we could suggest it to the teachers, Dad? Father That's a jolly good idea, love. You know, I'm really proud of you, taking an interest in your education like that. Daughter Thanks, Dad. By the way, have you thought about coming to parents' evening? Father Ah, yes, I had thought about it, love. I'll make sure to be there. In this conversation, there is agreement between the father and daughter. Oh, Dad, I'm really happy with my school. I've got some wonderful teachers and I'm learning loads. That's the ticket, love. Education is key, isn't it? It's the way forward. What do you think about the curriculum?"
meta-llama_Llama-3.1-8B-Instruct_UK,UK,Education,0.7,5,Daughter and Mother,Disagreement,"Oh, darling! I'm glad you're interested. Education is so important, you know. Yeah, I do know. But I've been thinking, Mum. The system here seems so... rigid. Oh? What do you mean by rigid? We have a wonderful education system in Britain. I know, but it feels like you have to follow this very narrow path. Oh, come now, love. You're not going to tell me that the 3 Rs aren't the foundation of a good education? Well, no, of course not. But what about creativity and critical thinking? Can't we be more flexible? Blimey, love, we can't just throw the baby out with the bathwater! The basics are essential. [sighs]:  Mum, I know you're coming from a good place, but I just feel like we're not giving kids the freedom to Oh, for goodness' sake! Mum, calm down. I'm just trying to have a conversation. Mother Sorry, love. I just get a bit... ...worked up when people question the system. It's been good enough for generations, you know. Daughter That's just it, Mum. It's not good enough for me. I want to see kids thrive, not just tick boxes. Oh, darling, you're getting a bit too... idealistic, if you ask me. We can't just let kids run wild. Mum, I'm not saying that! Just that we should give them more room to breathe. Mother [exasperated]:  Fine, love. Alright, let's not argue about this. We can discuss it some other time, shall we? Daughter Yeah, okay. Mum, wait. Can I ask you something? Mother What's that, love? [sighs]:  What is it? Daughter If you had your time over, would you do things differently? pauses I think you would. Mother [pauses]:  Oh, I... don't know, love. I suppose I'd want to be more... open-minded, maybe. Exactly! That's what I'm saying. Mother [sighs]:  Alright, love. I hear you."
meta-llama_Llama-3.1-8B-Instruct_UK,UK,Education,0.7,3,Son and Father,Disagreement,"Oh, blimey, lad. What's got you so worked up? I thought you were enjoying your studies. Dad, I'm not enjoying them. That's the problem. I'm struggling to keep up, to be honest. Oh, don't be daft! You're doing all right, aren't you? I am, but I'm not doing all right, Dad. I'm barely scraping by. And it's not just me. What are you on about, then? You're not exactly failing your exams or anything, are you? Dad, it's not about failing. It's about not being challenged. We're being taught to pass exams, not to learn. Oh, for crying out loud. That's just how it's always been. We all had to deal with it. You'll be all right. But, Dad, that's not the point. The point is, we're not being taught to think for ourselves. Think for ourselves? What are you going on about, lad? Of course, we're teaching you to think for yourself. No, Dad, you're not. You're teaching us to follow a formula, to regurgitate what we've been told. Oh, that's enough, lad. You're being a bit dramatic, if you ask me. Son I'm not being dramatic, Dad. I am, actually. I'm being realistic. The education system is broken, Dad. Father Well, I think you're being a bit... Oh, never mind. I think we're getting a bit carried away here. Fine. If you don't want to listen, I don't know why I'm even talking to you. Oh, for goodness' sake, lad! You're not going to just storm off, are you? Son I might. [Storms off]:  [FATHER]:  [Calling after him]:  Oh, wait! Come back here! We're not done with this conversation! [Shaking his head]:  I don't know what's gotten into that boy. [From offstage]:  I'll talk to you when you're willing to listen! [Sighs and shakes his head]:  I suppose I'll have to get used to this sort of thing. [Continues to storm offstage]:  Father [Sighs]:  I suppose I'll just have to wait till he cools"
meta-llama_Llama-3.1-8B-Instruct_UK,UK,Education,0.7,3,Daughter and Mother,Agreement,"Oh, darling, I'm so glad you're interested in education. It's a subject that's very close to my heart. Mummy, I know you were always keen on education. Indeed, I was. I think it's essential for a child to receive a good education. It opens doors, darling. That's what I think too, Mum. Education is like a key to unlock opportunities. Mother Exactly! [excitedly]:  And it's not just about getting a good job, although that's important, of course. Oh, no, not at all. Education is about broadening one's horizons, learning new things, and developing critical thinking skills. Spot on, darling! You're absolutely right. I'm so proud of you for thinking about this so deeply. Thank you, Mummy. I think we agree that education is vital for a child's development and future success. [smiling]:  Absolutely, darling. We do agree, don't we? [They both nod in agreement]: . Well, Mum, I think we should celebrate our agreement on this matter. Mother [laughing]:  Indeed we should, darling! Now, shall we put the kettle on and have a nice cup of tea to celebrate our shared thoughts on education? Sounds lovely, Mum. [They both chuckle and get up to put the kettle on. I'm so glad we have these lovely conversations, darling. It's always a pleasure to talk to you about things that matter. I feel the same way, Mummy. It's lovely to have your perspective and insight. Well, that's what mothers are for, darling. Now, let's get that tea brewing! Yes, Mum! [They both smile and continue to chat as they wait for the tea to be ready. Education is a vital part of a child's life, and it's essential that we provide them with the best possible education we can. I completely agree, Mum. It's a gift that keeps on giving, and it's something that we should always support and encourage. I couldn't agree more, darling. Now, let's sit down and enjoy our tea while we chat some more. Ah, lovely tea, Mummy. Thank you for making it for us. [MOTHER]:  You're welcome, darling."
meta-llama_Llama-3.1-8B-Instruct_UK,UK,Education,0.7,1,Mother and Son,Agreement,"Oh, Mum. I've been thinkin' a lot about it, yeah. I reckon it's a right old muddle, innit? laughing Oh, you're a clever one, aren't you? A muddle, indeed. What do you mean by that? Well, Mum, I think there's too much emphasis on gettin' good grades and stuff. Ah, I see what you mean. Yes, there's been a lot of discussion about the pressure on students to perform well academically. Exactly! And it's all about gettin' into a good uni, gettin' a good job, earnin' a decent wage... ...and all that. But what about learnin' for its own sake, love? Don't you think that's important too? Course it is, Mum! I mean, I love learnin' about history and all that. It's fascinatin', innit? Oh, you're a history buff, just like your father. And I think that's wonderful. So, do you think we should be focusin' more on the arts and humanities, like history and literature? Oh, absolutely, dear. I think that's a brilliant idea. We need more people who can think creatively and appreciate the world around them. Blimey, Mum, you're a genius! I reckon we should start a petition or somethin'! [laughs]:  Oh, don't be ridiculous, love! Ha! Just kiddin', Mum. But seriously, I think we should have a chat with the school about this. Well, that's not a bad idea, dear. Let's have a word with your headmistress and see what we can do. Brilliant, Mum! You're the best! Mother [laughs]:  Oh, stop it, you cheeky thing! I'm proud of you for thinkin' this through and wantin' to make a difference. Son Cheers, Mum. Cheers, Mum! [both laugh]:  Son So, when do we go and have a chat with the headmistress? We'll go this weekend, love. Now, let's get back to your history project. Oh, all right, Mum. [they both chuckle and the conversation continues]:  This conversation is between a British son and his mother about education. Let's talk about education. What are your thoughts? [SON]:  Oh, Mum."
meta-llama_Llama-3.1-8B-Instruct_UK,UK,Education,0.7,1,Son and Father,Disagreement,"Blimey, what's this? You're not going to university, are you? No, I'm thinking about taking a gap year. I want to travel and experience life before I commit to uni. [FATHER]:  Experience life? What's wrong with getting a job and paying your own way? That's what I did when I was your age. But, Dad, that's exactly my point. You didn't have the same opportunities we have now. Opportunities? You think you've got it tough? Well, yes. There are more choices available now, and more pressure to succeed. Father Pressure to succeed? You're not going to succeed if you don't put in the effort. You need a degree to get ahead in life. That's just it, Dad. I don't want to be just a cog in a machine. I want to do something I enjoy. Enjoy? What's wrong with a steady job and a pension? That's what life is about, lad. Security. Security? You always talk about security, but you never talk about happiness. Son I want to be happy, Dad. Happiness? You'll find happiness when you've got a good job and a family of your own. But that's not true, Dad. Happiness is what you make it. And I want to make it for myself. Father Alright, alright. I suppose you've got a point, lad. See, Dad? I'm not just some daft kid who doesn't know what he's talking about. I'm thinking about my future. Alright, alright. Let's talk more about this. What do you plan to do during your gap year? Well, I was thinking about traveling to Asia and volunteering for a bit. I want to see the world and learn about different cultures. That's not a bad idea, lad. You'll learn a lot from that. Thanks, Dad. I knew you'd see it my way. Father [smiling]:  Yeah, yeah. I suppose I was a bit harsh. You know, I think I was worried about you getting lost, or not knowing what to do with yourself. Dad, you always want the best for me, don't you? Father Of course, lad. That's what dads are for."
meta-llama_Llama-3.1-8B-Instruct_UK,UK,Education,0.7,5,Mother and Son,Disagreement,"Blimey, Mum. I'm not sure I'm that keen on the whole education system, if I'm honest. Oh dear, what's wrong? You're doing well at school, aren't you? [SMILING]:  Son Yeah, I suppose. I mean, it's alright, I suppose. But it's all a bit... routine, innit? Mother Routine? Well, that's what school's for, dear. To instill routine and discipline. But, Mum, you're always saying how we should be free to think and make our own choices. Yes, of course, dear. And that's exactly what education should be about. Learning to think for yourself and make your own decisions. Exactly! That's what I'm saying. But the system's not really set up for that, is it? I'm not sure I follow. What do you mean? Son I mean, they're always telling us what to do and what to think. And it's all about exams and grades and stuff. It's like they're trying to make us into some sort of... Oh, for goodness' sake! What are you getting at? Son...robot, or something. Yeah, like a robot. You know, just a bunch of people doing what they're told without really thinking for themselves. Well, that's a bit dramatic, don't you think? Son Maybe, Mum. But it feels like that to me, yeah? Mother...I think we need to have a bit of a chat about this, don't you? Mother Oh, dear. Fine, let's sit down and have a proper talk about this. But I must say, I'm a bit concerned. Mum...can I ask you something? Mother Of course, dear. Son What do you think is the point of all this, anyway? Mother The point of what? Son Education. The whole thing. Mum, what do you think is the point of it all? Ah, well, that's a very good question, dear. Mum...can I ask you something? [MOTHER]:  Of course, dear. Son..."
meta-llama_Llama-3.1-8B-Instruct_UK,UK,Education,0.7,2,Son and Mother,Neutral,"Oh, darling, I'm so glad you asked. You know how I've always said that education is key, don't you? Yes, Mum. You've said it loads of times. Mother Well, it's true, isn't it? I mean, it's not just about getting a good job, although that's important too. [pauses, considering her words]:  Son No, I suppose not. I've been thinking about that a lot lately. [smiling]:  That's my boy! Thinking about the bigger picture. I've been trying to figure out what I really want to do, you know? Oh, I do! You've got so many talents, dear. You'll find the right path, don't worry. Mum, do you think I'll be all right, whatever I choose? Mother [encouragingly]:  Of course, darling! You're a clever lad, and you'll make a good decision. Just be true to yourself, that's all that matters. Cheers, Mum. I'll try. Mother [smiling]:  That's all I can ask for, sweetie. And don't forget, I'm always here to help you, no matter what. Son [laughs]:  I know, Mum. Thanks, Mum. I appreciate it. Mother [hugs him]:  Anytime, darling. Anytime. So, let's get back to those A levels, shall we? What are your thoughts on the curriculum? I was thinking maybe we could discuss that another time, Mum? Mother Of course, dear. Whatever you like. We can talk about it at dinner, then? Son Sounds good to me. Mother Alright, then. Cheers, Mum. Thanks for listening. Mother [hugs him]:  Anytime, darling. Anytime. And don't forget to eat your greens, sweetie. Son [laughs]:  Got it, Mum. Mum, can I ask you something else? Mother Of course, darling. What is it? Well, Do you think it's a good idea to have a gap year after uni? Mother Ah, that's a tricky one, isn't it?"
meta-llama_Llama-3.1-8B-Instruct_UK,UK,Education,0.7,4,Daughter and Father,Disagreement,"Oh, love, I think you know what I think about it. We've had this conversation before. Sorry, Dad. I know we have, but I wanted to hear it from you again. You were a bit harsh on my school last time. Harsh? I was just telling it like it is. That school of yours has got some dodgy teachers, if you ask me. Oh, come on! That's not fair. You've never even met any of my teachers. And besides, they're doing a great job. Great job? Great job?! You call getting a C in maths great? I call it a disaster. [LAUGHING]:  Oh, Dad, that was one bad grade! One bad grade?! You've got a string of bad grades, love. Oh, Dad, you're not listening to me. I'm working hard and trying my best. I'm listening, love. And that's just it. You're not working hard enough. [Slightly frustrated]:  Dad, I am working hard! Father [Raising his voice]:  Oh, really? Look, I'm just saying what I think. You need to knuckle down and focus. Dad, I am trying to focus. And I'm doing all right, okay? Just leave it alone. [Calmer tone]:  Alright, love. I'm sorry. I just want what's best for you. [Sighs, still a bit upset]:  I know, Dad. Me too. Alright, let's drop it, then. What do you want to do instead? No, not really. Well, I've got an idea. Why don't you come and work in my office for the summer? Learn the ropes, eh? Ugh, Dad, no! I don't want to work in an office all summer. That's so boring! Oh, come on! It'll be good for you. You'll learn some discipline and responsibility. [Frustrated]:  Dad, I don't want to be an accountant like you!"
meta-llama_Llama-3.1-8B-Instruct_UK,UK,Education,0.7,4,Father and Daughter,Neutral,"Oh, Dad, I'm not really sure. I mean, I'm doing all right, I suppose. All right? What do you mean by that? Are you happy with your school? Daughter I don't know. I mean, it's fine, I suppose. Fine isn't good enough, love. You're at a good school, you've got good teachers. What's the problem? Honestly, Dad, I don't know. I just feel a bit... stuck, I suppose. Stuck? What do you mean by that? You're not enjoying your subjects? Daughter I don't know. It's just that, I don't know, Dad, I feel like I'm just going through the motions a bit. Ah, I see. Well, that's not uncommon, is it? You're a clever girl, you know. [laughs]:  Thanks, Dad. Father [laughs]:  No, no, I mean it. You know, I was talking to your mother about this the other day, and we were both thinking maybe you should take a bit of a break from A break? What do you mean? Father Well, you know, take some time off, do something different for a bit. [sighs]:  You know, I don't know. I'm just worried about you, that's all. I know, Dad. I appreciate that. Father [smiles]:  Of course, love. I just want what's best for you. [pauses, then nods]:  Yes. Alright. Thanks, Dad. Father [smiles]:  Anytime, love. [pauses, then speaks in a low tone]:  You know, when I was at school, I felt like that too, sometimes. Oh? Really, Dad? Father [nods]:  Yes, really. It's not easy, being a student. You're a clever girl, you know. Thanks, Dad. [They both sit in silence for a moment, then the father speaks again. Well, let's think about this, shall we? What do you think you'd like to do?"
meta-llama_Llama-3.1-8B-Instruct_UK,UK,Education,0.7,1,Mother and Son,Disagreement,"Blimey, Mum, I'm not sure. Oh, come on, dear. You must have some thoughts. You've been to school for years, after all. Yeah, I s'pose so. You know, I always thought you'd want to go to university. You're such a clever boy. Mum, I don't know if I want to go to uni. Oh, why not? You'll be perfectly suited for it. And it's such a wonderful opportunity. I don't know...it's just so expensive, innit? Oh, don't be daft! You'll get a grant, won't you? Mum, grants are getting cut left and right. And even if I did get one, it'd be a struggle to live on. Oh, stop being so negative, dear. You'll be all right. You'll just have to work hard and get a part-time job. But, Mum, I don't want to be a student anymore. I want to do something else. I've been thinking about... Oh, what is it? Tell me! Son [pausing, hesitantly]:  I've been thinking about joining the army. Mum, come on! Don't be shocked! Mother [alarmed]:  Shocked?! You're going to join the army? Oh, no, no, no! You can't do that! It's far too dangerous. You'll be putting yourself at risk, dear. Mum, I can take care of myself, I promise. Mother But what about your education? You'll be giving up all your opportunities! You're not thinking clearly, dear. You're letting your emotions get the better of you. Son Mum, I am thinking clearly! Mum, I've made up me mind. I'm going to join the army. Mother [exasperated]:  Oh, dear... I suppose I have no choice but to accept it, but please, dear, do think about the consequences. Mum, I have thought about it. I've made up me mind. Mother Alright, dear. If you're sure... [sighs]:  I suppose I just have to accept it. [pauses]:  I'll always worry about you, though."
meta-llama_Llama-3.1-8B-Instruct_UK,UK,Education,0.7,1,Father and Son,Agreement,"Blimey, Dad. I reckon the education system 'ere is pretty good. Ah, good to hear that, lad! I've always thought so. The British education system has a strong reputation, after all. Yeah, and I think the GCSEs and A-levels are a good way to get a proper understanding of the subjects. Spot on! The exams are a great way to assess your knowledge and skills. And I'm glad they're making it easier for people to go to university. It's a big step, but I reckon it's worth it. Absolutely! Education is the key to a better life, and a good university education can open doors to all sorts of opportunities. Yeah, and I'm not just talking about the career prospects, Dad. I mean, it's good for the mind, innit? Ah, I couldn't agree more, lad. Education is a lifelong journey, and it's never too early or too late to learn something new. Cheers, Dad! I'm glad we agree on this one. [FATHER]:  Ha! You know, I'm proud of you for taking an interest in your education. Son Thanks, Dad! No worries, Dad! smiling Father I'll always be here to support you, no matter what. You know, I've got a few ideas on how you can make the most of your education... Ah, yeah? What's that, then? Let's have a cuppa and talk about it, eh? Son Sounds good to me, Dad! gets up and heads to the kitchen to get the tea Father I'm glad you're taking the initiative to make the most of your education Ah, you know, I think you'll find that the right mindset and support can make all the difference. Son Cheers, Dad. heads back to the living room with the tea Father pours two cups of tea, and they sit down to continue their conversation about education. I reckon we can make a plan to help you get the most out of your education, lad. Son Sounds like a plan, Dad! Ah, cheers, Dad. I feel a bit more sorted now. Father That's what dads are for, lad. I'm just glad we agree on this one. Son [laughs]:  Yeah, me too, Dad!"
meta-llama_Llama-3.1-8B-Instruct_UK,UK,Education,0.7,4,Son and Father,Disagreement,"Ah, well, you know I'm a traditionalist, love. I think you can't put a price on a good education. [sighs]:  Dad, come on. I'm paying for my own degree, I'm not exactly swimming in debt. What's wrong with a bit of debt? It's character-building, isn't it? Builds discipline, teaches you the value of hard work. It's not about the money, Dad. Oh, it's not about the money? Then what is it about, then? Son It's about the relevance of what I'm studying. You mean the fact that I'm studying English Lit and History? That's not exactly a hot career path. Oh, come on! English Literature is a valuable subject! It teaches you critical thinking, analysis... all the things that are important in life. It's just not what employers are looking for, Dad. I mean, what am I going to do with a degree in English Lit? Ah, don't be ridiculous, son! You'll do something brilliant, mark my words. You'll go on to do great things. Dad, you don't get it. I'm not interested in just 'doing something brilliant'. Ah, for goodness' sake, stop being so defeatist! You're just not giving yourself a chance. Dad, stop being so dismissive! I'm trying to have a serious conversation with you here. Father Sorry, love. Alright, alright. Let's start again. What is it you're trying to say, then? I want to be happy, Dad. I want to be in a career that I enjoy, that I'm passionate about. Oh, passion's all very well, but you can't just follow your heart all the time. Why not? Father Because life's not all about following your dreams, is it? There's bills to pay, responsibilities to consider... [interrupting]:  You're not listening to me! Son [firmly]:  I am listening, Dad. And I'm saying that I want to be happy, not just exist. Father [sighs]:  Alright, alright. I suppose I can see your point. But what's this 'career that you're passionate about' then? What is it? I want to be a writer. Father [pauses, taken aback]:  A writer? Son Yes, Dad. A writer."
meta-llama_Llama-3.1-8B-Instruct_UK,UK,Education,0.7,1,Son and Mother,Agreement,"Oh, love, I'm glad you asked. I've been thinking a lot about this lately. Oh yeah? What's on your mind? Mother Well, I think our education system is top-notch, don't you agree? Absolutely, love. We're so fortunate to have such a comprehensive system in place. That's what I think too. The free education, the high standards, it's all just fantastic. Mother Exactly! And I think the teachers do a wonderful job, don't you? Son They do, Mum. I mean, it's not just about the academics, is it? Oh, no, love. It's about the whole package, isn't it? The social skills, the character building... Yes, Mum. That's what I mean. It's not just about passing exams, it's about being well-rounded. Mother Exactly! Well, I think we're very lucky to have such a strong foundation in education. Son I do too, Mum. I really do. I'm so glad we agree on this, Mum. Mother Me too, love. Ah, you're so clever, love. You've got a good head on your shoulders. Son [laughs]:  Thanks, Mum. [sighs contentedly]:  You know, it's nice to have a chat like this with you. Mother Of course, love. [smiling warmly]:  Now, would you like a cup of tea and a biscuit while we chat some more? Ah, that sounds lovely, Mum. [MOTHER]:  Splendid! I'll put the kettle on. I'll get the biscuits, love. You sit down and we'll have a nice cuppa. Cheers, Mum. I'll sit here. [They both sit down and continue their conversation, enjoying each other's company. So, tell me more about what you think about education, love. Well, Mum, I think it's all about finding the right path for you, don't you? Oh, I couldn't agree more, love. It's about discovering what makes you tick and going for it. Son Exactly! I mean, it's not just about getting good grades, is it? Mother Oh, no, love."
meta-llama_Llama-3.1-8B-Instruct_UK,UK,Education,0.7,5,Mother and Daughter,Disagreement,"Oh, Mum, I was thinking maybe I should take a gap year instead of going straight to university. Oh, dearie, I don't know if that's such a good idea. You've worked so hard to get to this point. I know, I know. But I'm not really sure I want to commit to a three-year course just yet. Three years is not that long, dear. It's a chance to get a proper education and set yourself up for a good career. But, Mum, that's just it. I'm not sure what I want to do with my life yet. Oh, for goodness' sake, you've always been a bright one. You'll figure it out. Mum, that's not helpful. I'm trying to think this through. MOTHER Sorry, dear. Oh, I'm sorry, love. I didn't mean to be dismissive. It's just that I think you're making a mistake. Mum, I understand why you're worried, but I really think a gap year will be good for me. I suppose it's not for me to decide. You'll just have to make up your own mind, won't you? Oh, thank you, Mum. I know you're just trying to help. Mother Of course, dear. But, love, are you sure you're ready to take on the responsibility of a gap year? Yes, Mum. I'm positive. I just want to have a bit of time to think about things. All right, dear. If that's what you've decided, then I suppose I'll have to support you. Thanks, Mum. I knew you'd understand. [MOTHER]:  Of course, dear. I just hope you know what Oh, Mum, don't worry. I'll be fine. [MOTHER]:  Of course, dear. Oh, dearie, I do hope you're making the right decision. You're not just throwing your future away, are you? Oh, Mum, stop worrying. I'll be fine. [MOTHER]:  I just want what's best for you, dear. You'll write to me, won't you, and keep me posted on your plans"
meta-llama_Llama-3.1-8B-Instruct_UK,UK,Education,0.7,1,Daughter and Father,Agreement,"Ah, well, love, I think it's a jolly good idea to have a chat about it. I agree. I think it's really important to get a good education. I've been thinking about uni a lot lately. Splendid! Uni's a great option, innit? You'll have a cracking time, and it'll set you up for life. I'm thinking about going to university to study history. I've always loved history. Father Oh, history, eh? Ah, I see. Well, that's a good subject, isn't it? Yes, it is. I think it's really interesting. And I think I could do something with it in the future. Ah, I'm sure you will, love. You'll make a smashing historian, I'm sure of it. What's the plan, then? I was thinking about applying to university in the next few months. Father Ah, excellent! Get on with it, then. I think you'll find it's a great investment for your future, love. I agree, Father. It's a good way to get a degree and have a better life. Father Absolutely, love. You'll have a good time, and it'll be a great experience for you. I'm sure I will, Father. Thanks for chatting with me about this. Father Anytime, love. Ah, I think we're in agreement, then! [DAUGHTER]:  Yes, I think we are, Father. Thanks for listening. No worries, love. Now, let's have a cup of tea and talk about the details, shall we? Ah, jolly good idea! I'll put the kettle on. [Both chuckle and the scene fades to black. No worries, love. Ah, I see Yes, I think we are, Ah, excellent! Yes, I think we are, Father. Daughter No worries, love."
meta-llama_Llama-3.1-8B-Instruct_UK,UK,Education,0.7,4,Daughter and Mother,Disagreement,"Oh, darling, I'm glad you asked. I think it's ever so important for you to have a good education, you know. Of course, Mum. I agree. I'm doing all right, thanks for asking. I know you are, sweetie, but I do think you should consider studying harder. Oh, Mum, not again. I'm doing my best, you know. I'm getting good grades. Well, that's the problem, isn't it? Just getting good grades isn't enough. You need to be aiming for the top, darling. MUM, I AM AIMING FOR THE TOP! I just don't want to be miserable like you were when you were at university. Oh, for goodness' sake! I was not miserable, I was...focused. And I worked hard for my degree. [scoffs]:  Yeah, right. You always say that, but I know how stressed you were. Well, perhaps I was stressed, but it was worth it in the end. You need to have a bit of ambition, darling. [Firmly]:  Mum, I have ambition. I want to do something I enjoy, not just get a job because it's prestigious. Oh, dear, I don't know what to say. I just want the best for you, darling. [FRUSTRATED]:  I KNOW YOU DO, MUM. Oh, sweetheart, let's not fight about this. I just want what's best for you. [Sighs]:  I know, Mum. Me too. But can we just agree to disagree about this for now? Alright, darling. Let's talk about something else. How's your boyfriend? [Sighs and shakes her head, knowing that the conversation will likely be revisited.]:  Oh, he's fine. Thanks for asking. [smiling and changing the subject]:  That's good. I'm glad to hear that. [Sighs and rolls her eyes, still feeling frustrated, but also knowing that the conversation is over for now. So, have you decided on what to wear for the party this weekend? [Sighs, but attempts to be pleasant]:  Yeah, I was thinking of wearing that new dress I got. What do you think?"
meta-llama_Llama-3.1-8B-Instruct_UK,UK,Education,0.7,3,Son and Father,Agreement,"Ah, good choice of topic, lad. I think it's jolly good that you're interested. I was thinking about going to university, Dad. What do you think about that? Father Well, I think it's a cracking idea. A cracking idea? Why's that? Because I've got some decent A-levels and I want to make the most of them. Ah, that's the spirit! You've worked hard for those A-levels, you deserve to make the most of them. And I'm thinking of studying economics. What do you think of that? Father Blimey! Economics, eh? Well, I think it's a solid subject. You'll learn a lot about how the world works, and it's a useful degree to have. Cheers, Dad. That's exactly what I was thinking. Just don't forget to keep your feet on the ground, lad. I will, Dad. I will. Father Good lad. Now, let's have a cuppa and discuss the details. Yes, yes I was thinking about going to university, Dad. What do you think about that? [FATHER]:  Well, I think it's a cracking idea. A cracking idea? Why's that? Because I've got some decent A-levels and I want to make the most of them. Ah, that's the spirit! You've worked hard for those A-levels, you deserve to make the most of them. And I'm thinking of studying economics. What do you think of that? Father Blimey! Economics, eh? Well, I think it's a solid subject. You'll learn a lot about how the world works, and it's a useful degree to have. Cheers, Dad. That's exactly what I was thinking. Father Just don't forget to keep your feet on the ground, lad. Good lad. Now, let's have a cuppa and discuss the details. I will, Dad. I will. [FATHER]:  Yes, yes Son So, do you think I should apply to Oxford?"
meta-llama_Llama-3.1-8B-Instruct_UK,UK,Education,0.7,4,Mother and Son,Neutral,"Oh, Mum, it's a right old mess, if you ask me. What do you mean? You've done all right, haven't you? You're at university, studying engineering. Aye, I am. But it's not just about me, is it? I mean, the system's a bit... [interrupting]:  Oh, I know what you mean. It's all about the league tables, isn't it? Exactly! It's like, what's the point of all this fuss? Well, it's always been a bit of a priority, hasn't it? Getting the right grades, going to the right university. But is that really what it's all about? I mean, what about the people who don't get the grades? Oh, dear, you're right. There's a lot of pressure on the kids, isn't there? Yeah, and it's not just the kids, Mum. The teachers are under pressure too. Oh, I can imagine. It's all a bit of a stressful business, isn't it? Son [laughs]:  Stressful? Mum, it's just a mess, that's all. Mother [laughs]:  Oh, dear, you're right, love. You know, it's funny, I was talking to Mrs. Mum, stop, Mum! You're going to get us both into trouble! Mother [laughs]:  Oh, don't worry, dear! Anyway, enough about that. Tell me about your engineering course. How's it going? [laughs]:  Oh, Mum, it's going all right, I suppose. That's all right, love. You'll get the hang of it. You're a clever lad. Son Cheers, Mum. Cheers, Mum. [They both laugh. I'm proud of you, you know. Son Thanks, Mum. [They both chuckle and continue the conversation. You know, Mum, I think we need to change the system, somehow. Oh, I don't know about that, love. It's not that simple, is it?"
meta-llama_Llama-3.1-8B-Instruct_UK,UK,Education,0.7,4,Son and Father,Neutral,"Blimey, lad. It's a right mess, isn't it? Can't seem to get the curriculum right, if you ask me. Yeah, I've been thinking the same thing. I mean, it's all about exams and grades, isn't it? That's the problem, innit? Everyone's so focused on getting good grades, they're forgetting about the actual learning. Exactly! I feel like I'm just memorizing stuff to pass exams, not really understanding it. FATHER You're right, mate. You know, when I was at school, it was different. We didn't have all these fancy exams and assessments. Yeah, I've heard stories about how strict it was back then, though. Father Strict? That was just discipline, lad. It's about setting high standards and expecting people to meet 'em. Son I suppose that's fair. Yeah, I can see that. Anyway, let's not get too worked up about it. You'll figure it out. Son Yeah, I will. Thanks, Dad. [muttering to himself]:  Still, it What's that, lad? You're not still thinking about this, are you? Son No, no, I'm just... ...just wondering if we're doing education right. Son [laughs]:  Ah, mate, you're a chip off the old block, innit? Well, we'll just have to agree to disagree, I suppose. [laughs]:  Yeah, maybe so. Cheers, Dad. Alright, I'm off. Oh, and, Dad? Father Yes, lad? Son Can I ask you something? Father Course you can, mate. What is it, then? Son I was just thinking...if we're not getting education right, what's the point of it all? I suppose that's a bit of a philosophical question, innit? [laughs]:  Ah, you're a clever one, aren't you? Son [laughs]:  Yeah, I try, Dad. [mutters to himself, lost in thought]:  But what's the point, then?"
meta-llama_Llama-3.1-8B-Instruct_UK,UK,Education,0.7,1,Daughter and Mother,Neutral,"Oh, love, I think education is ever so important, isn't it? Absolutely, Mum. I mean, it's the key to a good job and all that. Yes, and it's not just about getting a job, is it? No, of course not. Although, that's part of it, isn't it? Well, you know, I think what's really important is that you enjoy learning. Oh, definitely. I mean, if you're not enjoying it, you're not going to do well, are you? MOTHER Exactly. Now, have you given any thought to what you want to do after university? DAUGHTER Not really, Mum. Not really, Mum. I've been so busy with school and stuff. But I suppose I'll figure it out. Well, we can talk about that later, love. What do you think about the state of education in the UK? Oh, I don't know, Mum. I mean, it's not perfect, but it's not terrible either, is it? That's a fair point, darling. It's a bit of a mixed bag, isn't it? Daughter Exactly! Mum, I was thinking maybe I could take a gap year before uni? Mother Oh, love, I don't know about that. I mean, it's not a bad idea, but it's a lot of money, isn't it? Yeah, that's true. I hadn't thought of that. Mother Well, we can talk about it more later, love. I think it's a good idea, but it's not the only way Mum, I was thinking maybe I could take a gap year before uni? MOTHER Oh, love, I don't know about that. I mean, it's not a bad idea, but it's a lot of money, isn't it? Yeah, that's true. I hadn't thought of that. MOTHER Well, we can talk about it more later, love. I think it's a good idea, but it's not the only way Daughter Mum, I was thinking maybe I could take a gap Mum, I was thinking maybe I could take a gap year before uni? Mother Oh, love, I don't know about that."
meta-llama_Llama-3.1-8B-Instruct_UK,UK,Education,0.7,3,Father and Son,Agreement,"Blimey, Dad. I've been thinking about it a lot. I reckon it's a right old mess, if you ask me. [chuckles]:  Ah, I see. A bit of a muddle, is it? What do you mean? Well, I mean, we're taught a load of stuff we'll never use in real life. All that Latin and stuff. Ah, yes. I see your point. Though, I think there's more to it than that, old chap. Oh? What's that, then? Father Well, I think education should be about developing critical thinking skills, and learning to learn. Exactly. It's not just about memorizing facts and figures. Yeah, that's what I mean! We should be taught how to think for ourselves, instead of just being spoon-fed information. Ah, well said, son. You're spot on. That's exactly what we should be aiming for. Son Cheers, Dad. Cheers, mate. In this dialogue, the son and father have a conversation about education. What's this I hear about you not wanting to go to university?  What's this I hear about you not wanting to go to university? Son Oh, just that it's not for me, Dad. I know you and Mum want me to go, but I'm just not interested. Ah, I see. Well, what do you want to do instead? I want to work in a trade, like a mechanic or an electrician. Father That's a good choice, lad. That's a good choice, lad. Son Cheers, Dad. Son Cheers, mate. I reckon I'll just stick with my apprenticeship and learn from the bloke I'm working for. Ah, that's the way to do it. On-the-job training is just as valuable as university. Yeah, and it's not all about the money, either. Father No, it's not. You're right, son. It's about doing something you enjoy. Son Exactly!"
meta-llama_Llama-3.1-8B-Instruct_UK,UK,Education,0.7,3,Son and Mother,Agreement,"Oh, love, I'm glad you brought it up. I think the key is to find what suits you best, don't you? I think so, Mum. You always said that about my old mate Dave, who's good with his hands. Ah, yes, Dave's a clever lad. He's got a trade, isn't he? That's right, Mum. A good trade can take you far. I've been thinking about my own path, though. Well, take your time, dear. There's no rush. What are you leaning towards, then? Son I've been thinking about university. Ah, university's a big step. What do you think about it, Mum? I think it's a good option, love. You'll learn a lot and make some great friends. Exactly! I've been looking at some courses, and I think I'd like to study business. Mother Business, eh? Yes, it's a great field. You'll have plenty of opportunities. What made you decide on business, dear? Well, I've always been interested in how companies work and how to make them successful. I think it's fascinating. That's brilliant! You'll be a natural, I'm sure. We'll support you all the way, won't we? [laughs]:  Of course, Mum. Thanks for listening. Mother Anytime, love. Now, let's get some tea in you, and we can discuss further. It's settled then university and business, eh? Mum, I think I've made up my mind, and I'm going to give it a go. Mother Brilliant! We'll make sure you're prepared for it. It'll be a great adventure for you, and we'll be here cheering you on. Thanks, Mum. That means a lot to me. Mother Don't mention it, love. We're proud of you, whatever you choose. Now, shall we have some biscuits with our tea? Son [laughs]:  Mum, you always know how to make me feel better. Thanks, Mum. I love you. Mother I love you too, dear. Now, let's get those biscuits in the oven. [smiling]:  Ah, a cuppa and a chat, just like old times. [smiling]:  Exactly, Mum. Just like old times."
meta-llama_Llama-3.1-8B-Instruct_UK,UK,Education,0.7,1,Daughter and Father,Disagreement,"Oh, blimey! Education's a right kerfuffle, innit? Dad, what do you mean? You're always going on about how important it is to get a good education. Ah, yes, of course, love. So, what's the problem, then? Father Well, it seems to me that the education system's gone all wrong. [STRIKING A DISCOURAGING TONE]:  What's all this nonsense about 'gone all wrong'? Oh, come on, Dad! You know what I mean. We're just not preparing students for the real world. Don't be so dramatic, love. You're just being negative. Daughter I'm not being negative, I'm being realistic! AND YOU KNOW WHAT THE PROBLEM IS? IT'S THE FACT THAT WE'RE NOT FOCUSING ON THE SUBJECTS THAT REALLY MATTER. [FIRM BUT SOFTENING]:  Hold on, love. I think there might be more to it than that. I'M SURE THERE IS, BUT WE'RE NOT GOING TO FIND OUT IF WE DON'T CHANGE THE WAY WE DO THINGS. Oh, I see what you mean. You want to shake things up, don't you? Daughter YES, I DO! AND IT'S TIME WE STARTED TALKING ABOUT IT, INSTEAD OF JUST GOING THROUGH THE MOTIONS. Alright, alright, love. I hear you. Maybe it's time we did have a bit of a rethink. EXACTLY! Daughter Now, let's talk about the specifics. Ah, all right. What do you think we should change? I think we should make the curriculum more practical. Practical? Like what? Daughter Like vocational training. Father Oh, blimey! Exactly! We need to teach people skills that will actually help them get jobs. Father [SIGHING]:  Alright, love. I think I see your point. You know, it's funny. I used to think the same thing when I was at school. REALLY?! Father Yeah, I did."
meta-llama_Llama-3.1-8B-Instruct_UK,UK,Education,0.7,4,Mother and Son,Agreement,"Oh, Mum, I think it's all right, innit? [laughing]:  Innit? Oh, love, you're such a cheeky one! [grinning]:  Sorry, Mum. What I mean is, I think it's all a bit of a mixed bag, isn't it? [smiling]:  Yes, it is, isn't it? Some schools are excellent, but others... Exactly! I mean, I've got some mates who've been to some of the better ones, and they're doing all right for themselves. That's true. It's all about the quality of the teachers and the school, isn't it? Yeah, and the support at home, of course. I mean, I'm lucky, Mum. You are indeed. I'm proud of you, love. You're working hard and doing well. Son Cheers, Mum. Thanks. Mum, by the way, have you given any more thought to my request to go to university? Oh, love, we've talked about this before. Yeah, I know, but I wanted to remind you. Mother [smiling]:  I know you do, love. Let me think about it for a bit longer, okay? I want to make sure it's the right decision for you. Fair enough, Mum. I understand. Thanks. Mother Anytime, love. Now, shall we have some tea and biscuits? That sounds lovely, dear. I'll put the kettle on. Cheers, Mum. I'll help you. Mother Lovely, love. Thanks. I'll get the biscuits. Son Cheers, Mum. I'm glad we had this chat, love. You know I want what's best for you. SON Yeah, Mum, I know. Cheers, Mum. Mother [smiling]:  I love you, dear. Son I love you too, Mum. That's nice, love. Now, let's have that cup of tea. Son Sounds like a plan, Mum. Cheers! laughs Sorry, Mum, got a bit carried away there! [MOther]:  laughs It's all right, love. [laughs]:  You're such a cheeky one, just like your father. [SON]:  [laughs]:  Sorry, Mum!"
meta-llama_Llama-3.1-8B-Instruct_UK,UK,Education,0.7,2,Father and Son,Disagreement,"Blimey, Dad, I don't know. I'm not really sure what I want to do, to be honest. Ah, well, that's quite common, isn't it? Most lads your age are a bit uncertain. Yeah, I s'pose. But what about you? What did you want to do when you were my age? Ah, well, I wanted to be a solicitor, actually. Blimey, Dad, that's a bit of a shock! I didn't know that. Father Well, it's true. I know it sounds a bit odd, but I thought it would be a good career for a chap like me. But you ended up teaching, didn't you? Father Yes, I did. [Sighs]:  Yes, I did. Look, Dad, I'm not saying I don't want to go to university or anything, but I'm not sure it's for me. Oh, come on, lad! You can't just opt out of education! You need to think about your future! I am thinking about my future, Dad! I'm just not sure that university is the right path for me. But what about all the opportunities it will give you? The career prospects, the networking, the chance to travel... Dad, I know all that, but I'm not sure I want to spend the next three years studying. [Sighs]:  Fine. If you're not going to listen to reason, I suppose there's nothing more to say. Dad, don't be like that! I'm just trying to figure things out! Figures things out?! You're not even considering the options! You're just going to coast through life without any ambition! I AM ambitious, Dad! I just want to do something that I enjoy, not something that's going to make you proud. Well, I suppose that's the difference between us, isn't it? Yeah, Dad. I think it is. [pauses]:  Look, I'll think about it, okay? Fine. Think about it. But don't expect me to be all smiles if you end up not taking a degree."
meta-llama_Llama-3.1-8B-Instruct_UK,UK,Education,0.7,2,Daughter and Mother,Agreement,"Oh, love, I'm glad you asked. I've been thinking a lot about it lately. What's on your mind? Well, I was thinking that the British education system is really excellent, don't you think? [MOTHER]:  Absolutely, dear. I mean, we have a world-class education system, don't we? Yes, we do. I was thinking about how the curriculum is so well-rounded, with a good balance of subjects. Yes, that's one of the things I love about it. It's not just about academics, is it? No, it's not. We learn about the arts, sports, and other things that are important for a well-rounded person. Mother Exactly! And the teachers are top-notch, aren't they? [Daughter]:  Yes, they are. I was thinking that maybe we could even consider sending you to a British boarding school. Oh, darling, that's a lovely idea! I think that would be a fantastic opportunity for you. [Daughter]:  Really? I know it's a big decision, but I think it would be amazing to have that kind of education. Mother I do too, love. We'll have to look into it further, of course, but I think it's definitely worth considering. I'm glad you think so, Mum. Daughter And I love how the British education system emphasizes critical thinking and problem-solving skills. Oh, absolutely! Those are essential skills for life, aren't they? Daughter Yes, they are. I'm so glad we agree on this, Mum. Mother Me too, love. Well, I think we're both on the same page about this, aren't we? Daughter Yes, we are! Mother Exactly! And the British education system is so well-structured, don't you think? Mother Oh, it is, love. I do think it's a great system, don't you? Daughter Yes, I do! Mother Me too, dear. And I love how it prepares students for university and beyond. Mother Yes, that's one of the things I admire about it. We're lucky to have such a great system, aren't we? Daughter We are, Mum. Mother Yes, we are! Thank you, Mum!"
meta-llama_Llama-3.1-8B-Instruct_UK,UK,Education,0.7,5,Son and Father,Agreement,"Blimey, lad! You know I'm all for giving you a proper education. I think it's essential for a good life. Exactly! You always said that, didn't you? I did, didn't I? And I still do. Mum said you were a bit worried about me not doing as well as my sister in school. Oh, yeah... that. Well, I was just concerned, love. Your sister's always been a bit of a brainbox, innit? [laughs]:  Yeah, I know. But I've got my own strengths, Dad. I'm good at other things, like sports and music. Ah, that's the spirit, lad! You've got a lot to offer. Mum said you were worried I'd drop out like some of your mates did. Father [chuckles]:  Ah, well... You know, I was worried about that, yeah. But I'm proud of you for sticking with it and finding your own path. Cheers, Dad. Thanks for being supportive. Father Anytime, love. That's what dads are for. Now, let's have a cup of tea and discuss what you want to do next, shall we? Sounds like a plan, Dad. Ah, that's the way, lad! Now, what's this I hear about you wanting to take a gap year? Yeah, I'm thinking of doing that. Travel a bit, get some work experience... Blimey! That's a great idea! I was thinking of doing something like that when I was your age. [laughs]:  Really? What stopped you, Dad? Father [chuckles]:  Oh, just life, love. [laughs]:  Anyway, I'm proud of you for considering it. You'll learn a lot about yourself and the world. No worries, I'm glad we had this chat, love. You're making some good decisions. I'm proud of you, lad. Cheers, Dad. Son I'm glad we agree on education, Dad. Father Me too, lad. Me too."
meta-llama_Llama-3.1-8B-Instruct_UK,UK,Education,0.7,5,Mother and Daughter,Neutral,"Blimey, Mum, I don't know, really. It's all so...complicated. Complicated? What do you mean, love? You're in Year 10, aren't you? You're doing all right, I suppose. Yeah, I'm all right, I s'pose. But it's just so much work, innit? Ah, I see. Well, you know, I was worried about you getting behind in maths, but it seems like you're managing. Yeah, I'm getting the hang of it, Mum. But it's just so...boring, sometimes. Mother Boring? laughs Oh, dear, you're being dramatic, aren't you? laughs Maybe a bit, Mum. But seriously, I wish I could just learn what I want to learn, you know? Ah, I do understand. You know, when I was at school, it was all about passing exams, wasn't it? Exactly, Mum! It's all about the grades and the exams. Not about learning for learning's sake. Mother I see what you mean. Ah, yes, well, it's not all bad, love. You're doing well, and you'll get your A-levels soon. Oh, yeah! A-levels! I'm dreading those, Mum! Mother Don't worry, love. You'll be fine. Ah, well, I suppose we'll just have to wait and see, won't we? Do you think I should Oh, we can talk about that later, love. Let's just enjoy the conversation, shall we? Mother What were you saying, love? sighs Nothing, Mum. Nothing. Mother Alright, love. Let's talk about education. What are your thoughts? [DAUGHTER]:  Blimey, Mum, I don't know, really. It's all so...complicated. [MOTHER]:  Complicated? What do you mean, love? You're in Year 10, aren't you? You're doing all right, I suppose. Yeah, I'm all right, I s'pose. But it's just so much work, innit? Ah, I see. Well, you know, I was worried about you getting behind in maths, but it seems like you're managing."
meta-llama_Llama-3.1-8B-Instruct_UK,UK,Education,0.7,4,Son and Father,Agreement,"Blimey, that's a cracking good topic, lad! I think it's high time we had a chinwag about it. [smiling]:  I was thinking the same, Dad. I've been feeling a bit miffed about the state of education lately. Oh, I know what you mean, mate. The system's gone a bit bloated, if you ask me. Yeah, exactly! It's all about the grades and the exams, isn't it? You're right, lad. It's all about getting the right qualifications to get ahead. But that's not the only thing that matters, is it? There's more to learning than just passing exams. Absolutely, son! You're spot on. What do you think the government should be doing to improve education? Well, I think they should be focusing on getting the basics right. You know, reading, writing, arithmetic. And making sure the teachers are properly supported. Father Exactly! They're the backbone of the system, after all. We need to make sure they've got the resources they need to do their jobs properly. Yeah, that makes sense. It's all about creating a good foundation for the kids. Father That's the ticket, lad! Things like cooking And practical skills like cooking, Dad! Father And, of course, a bit of history and literature. That's the stuff that'll keep them grounded, innit? Son Exactly! What do you think about the new curriculum? I'm not sure about it, to be honest. It seems a bit...watered down, if you ask me. Yeah, I know what you mean. It's all about the rote learning, isn't it? I mean, what's the point of just memorizing facts if you're not going to be able to apply them in real life? You're right, Dad. Education should be about preparing kids for the real world, not just about getting good grades."
meta-llama_Llama-3.1-8B-Instruct_UK,UK,Education,0.7,5,Father and Daughter,Disagreement,"Oh, Dad, I've got so many thoughts! I think the education system here is a bit...outdated. Outdated? What do you mean by that, love? It's served us well for generations, hasn't it? I know, but it's just so...traditional. [Sighs]:  Traditional? That's what makes it good, isn't it? It's tried and tested. We know what works. But that's just it, Dad. We don't know what works anymore. The world is changing so fast. Ah, come on, [Daughter's name]: . You know, Dad, I've been reading about all these new approaches to education, like project-based learning and personalized learning. [Disapproving tone]:  Oh, all that fancy nonsense. We did just fine with rote learning and exams. But that's exactly my point, Dad! You and I did just fine, but what about the kids who didn't? [Crossly]:  Now, now, don't go getting all muddled in your head with these new-fangled ideas. [Firmly]:  Dad, I'm not being muddled. I'm just trying to think about what's best for the next generation. Alright, alright. Let's hear you out. What's this project-based learning all about, then? It's where students work on real-world projects that combine different subjects and skills. It's more hands-on and collaborative. Hmmph. Sounds like a lot of work for not a lot of structure. What's wrong with good old-fashioned homework? Dad, you just don't get it. Homework is not the same as project-based learning. Oh, for goodness' sake! Can't you just have a proper conversation about this without getting all... Dad, please! I'm trying to explain something that's really important to me. [Sighs heavily, then speaks in a calmer tone]:  Alright, love. I hear you. Thanks, Dad. Father But, I still don't see the point of all this...fuss. [smiling slightly]:  Alright, I think we've got a bit of a disagreement on our hands."
meta-llama_Llama-3.1-8B-Instruct_UK,UK,Education,0.7,4,Father and Son,Agreement,"Ah, yeah, Dad. I've been thinkin' a lot about it, actually. Good lad! What's on your mind, then? You've got a good few years left at school, after all. Well, I'm not really sure what I want to do, to be honest. Don't you worry, mate. You've got plenty of time to figure it out. Yeah, I suppose. I just feel like I'm being pushed towards uni, you know? Ah, yes, the old uni route. A lot of people take that path, don't they? Son Exactly! It's just, I'm not sure if it's right for me. Understandable. There are plenty of other options out there. Apprenticeships, for instance. Son Yeah, I've thought about that. I might just do that, Dad. Father Brilliant! [smiling]:  You know, I always thought that was a cracking idea. Yeah, I'm leaning that way, yeah. Son Thanks, Dad. It's good to talk to you about this. Anytime, lad. I'm here to help. You make the right decision for yourself, and that's all that matters. Cheers, Dad. I will. Good, good. I'm proud of you, mate. You're thinking clearly about your future. That's what counts. Thanks, Dad. I'll keep that in mind. [They share a smile and a nod.]:  Father That's my boy! Now, let's get a cup of tea and celebrate, shall we? Son Sounds like a plan, Dad! Cheers, Dad! Father Cheers, lad! [They both chuckle and the scene fades to black. Cheers, lad! Cheers, Dad! [They both chuckle and the scene fades to black. Son! [Son turns to face him]:  Ah, yes, the old uni route."
meta-llama_Llama-3.1-8B-Instruct_UK,UK,Education,0.7,1,Mother and Daughter,Neutral,"Oh, Mum, I'm not really sure. Well, you're getting older now, and you'll be making some big decisions about your future soon. What are you thinking about? Honestly, I'm not thinking about it that much, Mum. I just want to get through my exams and then see what happens, I suppose. [Sympathetic tone]:  I understand. It can be a bit overwhelming, can't it? But you know, I was thinking... [Interrupting]:  Oh, Mum, you're not going to tell me I have to go to university, are you? [Laughing]:  Oh, love, I wasn't going to say that, but... [Laughing]:  I know, I know. Mum, you just want the best for me. That's true, dear. I just want to make sure you're happy and fulfilled in whatever you choose to do. Yeah, me too, Mum. I just don't know what I want to do yet, that's all. That's okay, sweetie. You've got plenty of time to figure it out. We can talk about it some more if you like. Yeah, that would be nice, Mum. Thanks. [pauses]:  Do you think I should consider taking a gap year? Well, that's an interesting idea. I know some people do it and it's supposed to be really good for them, isn't it? Mother Yes, it can be. You know, some people find it helps them figure out what they want to do with their lives, while others use the time to travel or gain some Oh, that sounds really appealing, actually. I never thought of that. Mother It's definitely something to consider, dear. Let's talk about this more, shall we? Maybe we can make a list of some things you could do during a gap year. That's a good idea, Mum. I'll think about it some more and we can discuss it later, okay? That sounds like a plan, love. We can talk about it more later. Thanks, Mum. I appreciate it. Mother Of course, dear. Now, would you like a cup of tea? I'll put the kettle on. We can have a nice chat about it while we're having our tea."
meta-llama_Llama-3.1-8B-Instruct_UK,UK,Education,0.7,1,Daughter and Mother,Disagreement,"Oh, sweetie, I think it's all about getting a good GCSEs and then onto A-levels, don't you? Mmm, well, I'm not so sure. I think there's more to it than just exams. Blimey, what do you mean? Exams are what get you into a good university, aren't they? Yes, but it's not just about the grades, is it? I mean, what about all the other stuff you learn along the way? Oh, come on, love, don't be daft. You know as well as I do that the grades are what matter. But what about all the extracurricular activities and the things you learn from your teachers? Don't they count for anything? Honestly, dear, they're just a bit of fun, aren't they? Oh, Mum, you're not listening to me. I think education is about more than just passing exams. Oh, for goodness' sake, don't be so dramatic. You're not going to be a teacher or anything, are you? No, I'm not, but that's not the point. The point is that there's more to education than just grades. Alright, alright, let's not argue about this, love. We'll have to agree to disagree, I suppose. sigh Mum, you just don't get it. [MOTHER]:  laughs Oh, stop being so stubborn, dear. And don't worry, I'm sure you'll do all right, you'll get your grades and all that. It's just... interrupts] You're not even listening to me, Mum! sighs Oh, stop being so emotional, love. Let's just calm down and talk about this later, shall we? mutters under her breath and walks away] I'll just go study then. calls after her] Oh, and by the way, don't forget to get your revision notes out! [muttering to herself]:  revision notes, revision notes, revision notes... that's all she ever thinks about... calls out] Oh, and dear, don't forget to eat your lunch! Daughter [over her shoulder]:  I will, Mum. I'll go have a cup of tea and think about this some more."
meta-llama_Llama-3.1-8B-Instruct_UK,UK,Education,0.7,4,Son and Mother,Disagreement,"Oh, for goodness' sake, dear. You know I'm a bit concerned about the state of the education system these days. What's wrong with it, Mum? MOTHER Well, it's all about exams and grades now. I know you're doing well in school, but what about the value of learning for learning's sake? The enjoyment of it? [skeptical]:  Oh, Mum, you're not still going on about that, are you? I am, dear. But that's not how it works any more. You've got to get the grades to get into university. But that's exactly what I'm worried about! You're being driven by exams and not by a love of learning. Oh, come on, Mum. It's just the way it is. It's not all about the exams. It's not about the exams! You're just repeating what you've been told, not thinking for yourself. Mum, stop lecturing me. I know what I'm doing. Mother Fine. But I'm still worried. I just want the best for you, dear. I want you to be happy and fulfilled in your studies. I appreciate that, Mum. But sometimes you can be a bit...overbearing. Mother I'm just trying to protect you, dear. [sternly]:  And I'm just trying to ensure that you're making the most of your opportunities. Oh, for crying out loud, Mum. Can we just agree to disagree? Mother [sighs]:  Fine, dear. I still worry about you, you know. SON [smiling]:  I know, Mum. I love you. Oh, and by the way, I got an A on my maths test. Mother [smiling slightly]:  Congratulations, dear. I'm proud of you. SON [smiling back]:  Thanks, Mum. Anyway, I should probably get going. I've got revision to do. Mother Yes, of course. Get on with it, dear. Oh, and one more thing. Don't forget to eat your lunch! SON [laughing]:  Mum! [smiling]:  I'll try, Mum."
meta-llama_Llama-3.1-8B-Instruct_UK,UK,Education,0.7,2,Mother and Daughter,Agreement,"Oh, Mum, I'm really interested in that. I think the school's been doing a cracking job, don't you? Ah, yes, it's been going all right, hasn't it? I mean, the teachers are all right, and the curriculum's pretty comprehensive. I'm learning loads. Mother Yes, that's good. I'm glad you're finding it engaging. How do you think you'll apply it in the future? Oh, I'm not entirely sure, but I'm thinking maybe I'll go to uni and do a degree in something like history or politics. Ah, that's a good choice. You'll always find a use for history and politics, won't you? Daughter Exactly! MUM, I WAS WONDERING IF I COULD HAVE A WORD WITH YOU ABOUT MY FUTURE. WHAT'S ON YOUR MIND, LOVE? WELL, I KNOW YOU'RE ALWAYS TELLING ME HOW MUCH YOU WANT ME TO SUCCEED AND ALL THAT, BUT I WAS WONDERING And I'm SORRY, MUM. I KNOW I SPOKE OUT OF TURN. IT'S OKAY, LOVE. I'M JUST A BIT SURPRISED THAT'S ALL. I GUESS I JUST FEEL A BIT PRESSURED TO CHOOSE THE RIGHT COURSE AND GET GOOD GRADES AND ALL THAT. Ah, darling, you're not alone in feeling that way. YOU THINK SO, MUM? I FEEL LIKE I'M THE ONLY ONE WHO'S WORRIED ABOUT IT. YOU'RE NOT ALONE, LOVE. EVERYONE FEELS THAT WAY AT SOME POINT. OH, THANK YOU, MUM. YOU ALWAYS KNOW HOW TO MAKE ME FEEL BETTER. I'M GLAD I COULD HELP, LOVE. Mother What was it you were saying about your future plans? Oh, Mum, I'm not entirely sure, but I'm thinking maybe I'll go to uni and do a degree in something like history or politics Ah, that's a good choice. You'll always find a use for history and politics, won't you? [DAUGHTER]:  Exactly!"
meta-llama_Llama-3.1-8B-Instruct_UK,UK,Education,0.7,2,Son and Mother,Agreement,"Oh, love, I'm glad you brought that up. Why's that? Mother Because I've been thinking about it a lot lately. The system seems to be under a lot of pressure. I know what you mean, dear. It's a bit of a mess, isn't it? It's not just the pressure. I think it's the way we're teaching the kids. Yes, that's a good point. We're so focused on getting them through exams and into university that we're forgetting about the basics. Exactly. What's the point of teaching them how to pass a test if they can't apply what they've learned in real life? You're absolutely right, love. It's all about the application. We need to be teaching them critical thinking, problem-solving, and creativity. Agreed. I think we should be teaching them more about entrepreneurship and innovation as well. Mother That's a brilliant idea, dear. And what about the role of technology in education? Do you think it's being used effectively? Honestly, Mother, I think it's a mixed bag. Oh, really? Tell me more. Son Well, on the one hand, technology can be a great tool for learning. But on the other hand, it can be a distraction. I mean, how many kids are on their phones during lessons? [laughs]:  Oh, dear, that's a good point. We do need to be careful about how we're using technology in the classroom. Exactly. But, I think it's worth exploring more ways to integrate technology into the curriculum. I couldn't agree more, love. Let's keep the conversation going, shall we? Brilliant, Mother! I'm glad we're on the same page about this. [MOther]:  Me too, dear. Oh, love, I'm so glad we're having this conversation. I think we're onto something here. Yes, I do too, Mother. Let's keep pushing for change. Mother Absolutely, dear. We can make a difference. I love you, dear. Son I love you too, Mother. [Mother]:  Oh, and one more thing, love. Yes, Mother? [Mother]:  We should invite your father to join the conversation. He's got some great ideas on education too."
meta-llama_Llama-3.1-8B-Instruct_UK,UK,Education,0.7,5,Father and Son,Neutral,"Blimey, Dad. I don't know. I mean, I'm not really sure what to think about it. Alright, alright. Well, what do you think about the school system? Do you think it's doing a good job? Oh, I suppose it's alright, innit? I mean, I've got a good education and all that, but... Ah, yes, well, that's a fair point. Education is a bit of a mixed bag, isn't it? Yeah, exactly. I mean, some teachers are all right, but others... well, they're not exactly the most inspiring, are they? Well, that's true. But you know, I think it's always been a bit of a challenge for teachers to keep students engaged. Yeah, I s'pose so. Father And what about university? Are you thinking of going? Ah, well, that's a big decision, innit? Oh, yeah! I'm not really sure yet. I mean, I'm not sure if I want to go or not. Well, you've got plenty of time to think about it, lad. You don't have to decide right now. Son Cheers, Dad. Cheers, Dad. pauses By the way, have you thought about going back to uni? Oh, blimey, no! I'm far too old for that, innit? I've got a good job and all that. [laughs]:  Yeah, I can imagine, Dad. You'd stick out like a sore thumb in a lecture hall! [laughs]:  Ah, yeah, probably would! Good job, lad. Good job. [walks away]:  [FATHER]:  [shakes head, chuckles]:  Good lad. [watches his son walk away, then turns back to the conversation with a thoughtful expression]:  I reckon that's the problem with the education [off-camera, still walking away]:  What's that, Dad? What's the problem? Oh, nothing, nothing. Just...just thinking about the education system, that's all. Oh, right. Yeah, I think I know what you mean, Dad. It's just...it's a bit... Ah, yeah, it's a bit..."
meta-llama_Llama-3.1-8B-Instruct_UK,UK,Education,0.7,5,Son and Mother,Disagreement,"Oh, love, I've got a few thoughts on the subject, that's for sure. I was thinking we should take a look at the state of the education system. Oh, I don't know, dear. I think we've got a good system in place. But that's just it, Mum. I don't think we do. I think it's outdated. Outdated? Whatever do you mean? The system has been serving this country well for centuries. Son I know, but times have changed. Yes, and it's not serving us as well as it used to. Kids are being over-tested, and there's too much focus on exams. Oh, come on, love. Exams are the way to measure a child's worth. It's the way we've always done it. That's exactly the problem, Mum. We've always done it that way, but it doesn't mean it's the best way. I don't know what all the fuss is about, dear. The education system has worked for you, hasn't it? Mum, you know I'm not saying that. But I am saying that there are better ways to learn and to measure a child's intelligence. Oh, I see. So now you're an expert, are you? You know better than the teachers and the politicians? No, Mum, it's not about being an expert. It's about being open to change and to new ideas. Well, I'm not sure I agree with you, dear. I think we should stick with what we know. Mum, can we please just have a calm conversation about this? I'm not trying to be difficult. Oh, I'm sorry, love. I didn't mean to get so worked up. Let's try to keep an open mind, Mum. That's all I'm saying. Mother Alright, dear. Let's do that. I'm not sure I agree with you, dear. I think we should stick with what we know. Mum, can we please just have a calm conversation about this? I'm not trying to be difficult. Oh, I'm sorry, love. I didn't mean to get so worked up. [sighs]:  Mum, I'm trying to have a rational conversation with you about something that really matters to me, and you're not listening"
meta-llama_Llama-3.1-8B-Instruct_UK,UK,Education,0.7,3,Mother and Son,Agreement,"Blimey, Mum. I've been thinking about it a lot, and I reckon it's a right old mess. Oh dear, what do you mean? The schools are doing a good job, aren't they? SON Not really, Mum. I mean, they're just teaching us the basics, and then we're expected to figure it out on our own. That's a bit harsh, love. The schools are doing their best with the resources they have. Son But that's just it, Mum. They don't have the resources. The budget's been cut to the bone, and the teachers are overworked and underpaid. Ah, yes. I see what you mean. It's a bit of a postcode lottery, isn't it? Exactly! Some schools get loads of funding and have all the latest technology, while others are struggling to make ends meet. It's just not fair. I agree with you, love. It's a bit of a shame, really. Son Yeah, and it's not just the schools. The whole education system needs a good shake-up. It's too focused on exams and grades, and not enough on actually learning. Oh, I see what you mean. You want to be able to learn for the sake of learning, rather than just to pass a test. Exactly! Mum, I think you understand me. Mother Of course I do, love. I'm proud of you for speaking out about this. I think we'll have to have a chat with your father about this, see if we can't do something to help. Cheers, Mum. That means a lot to me. Son Cheers, Mum. That means a lot to me. Oh, I'm glad we had this chat, love. It's good to know you're thinking critically about these things. Yeah, thanks, Mum. It's good to know you're on my side. Mother Always, love. Always. I'm proud of you for speaking out about this. [Son]:  Cheers, Mum. That means a lot to me. Cheers, Mum. That means a lot to me. [Mother]:  Oh, I'm glad we had this chat, love. Oh, I'm glad we had this chat, love. [Son]:  Yeah, thanks, Mum. Always, love. Always, love. [Son]:  Cheers, Mum. That means a lot to me. Son Cheers, Mum."
meta-llama_Llama-3.1-8B-Instruct_UK,UK,Education,0.7,1,Father and Son,Disagreement,"Blimey, Dad, I'm not sure, to be honest. Ah, well, that's understandable. You're not quite sure what you want to do with your life yet, eh? [pauses, then responds]:  I'm not sure that's the point, Dad. Oh, come on, lad. We've been over this. You need to think about your future. But, Dad, you're always saying how I should be thinking about my future, but you never seem to listen to me when I say what [interrupting]:  Hold on, son. What are you trying to say? I'm saying that I want to pursue something I enjoy, not just something that's going to make me a lot of money. Oh, for goodness' sake. You think you can just follow your heart and everything will be alright? The world isn't like that, son. Why not, Dad? Why can't I follow my passion and still have a good life? Father [skeptical]:  Passion? Passion? You think that's enough to get by in life? You need stability, security. That's what I had to work for. But, Dad, you didn't have the same opportunities I have. [sternly]:  I made do with what I had. And I turned out alright, didn't I? Yes, Dad, you did. But that's not the point. The point is that you're not listening to me. [firmly]:  I am listening to you, son. But you need to listen to me too. [frustrated]:  I am listening, Dad, but you're not hearing me. Father [sternly]:  Fine. I'll give you one more chance to tell me what you want to do with your life. I want to study art, Dad. I want to be a painter. Father [disapprovingly]:  A painter? What's the point of that, son? You'll never make a living from art. I know that, Dad. But that's not the point. What is the point, then? Son The point is that I love art, Dad."
meta-llama_Llama-3.1-8B-Instruct_UK,UK,Education,0.7,1,Father and Daughter,Neutral,"Blimey, Dad. I'm not really sure what I want to do, to be honest. [chuckles]:  Fair enough. You're still young. You've got plenty of time to figure it out. Yeah, I suppose. But I do know I don't want to be stuck in a dead-end job or anything. Father That's sensible. You know, when I was your age, I thought I wanted to be a doctor, but in the end, I ended up working in finance. Oh, yeah? I wouldn't have pegged you as a finance bloke, Dad. What made you change your mind? Well, I did alright in finance, and I was good with numbers, so it just seemed like a natural fit. That's interesting. I'm more of a creative type, I think. I love drawing and writing. Father Ah, that's brilliant! I'm glad to hear that. You know, your mum was a bit of an artist, too. Really? I didn't know that. What was she like? Father Oh, she was wonderful. [laughs]:  Ah, sorry. I'm getting a bit sidetracked, aren't I? What were you saying about your interests? Oh, just that I'm really into art and writing. I've been thinking about doing a degree in creative writing or something. That sounds like a cracking idea! You should definitely look into it. I'm sure you'll do well. Cheers, Dad. That's really helpful. Thanks for chatting with me about this. Father No worries, love. Anytime. [pauses]:  Well, I think that's enough for now. Yeah, alright. Thanks again, Dad. Bye. Father Bye, sweetie. Bye. [to himself]:  I'm glad I could help. Now, where's that cup of tea...? Bye, Dad. Bye. This dialogue example is a typical conversation between a British father and daughter. Let's talk about education. What are your thoughts? [DAUGHTER]:  Blimey, Dad. Yeah, I suppose You know, when I was your age, I thought I wanted to be a doctor, but in the end, I ended up working in finance"
meta-llama_Llama-3.1-8B-Instruct_UK,UK,Education,0.7,5,Mother and Daughter,Agreement,"Oh, Mum, I was thinking that the school system here is a bit...stifling, you know? Oh, really? What makes you say that, love? Daughter Well, all the emphasis is on exams and grades. And it's so rigid. You have to follow this one path, you can't just learn what you want to learn. Ah, yes, I see what you mean. You're right, it is quite structured. And it's not just the school system, it is the whole society, isn't it? Oh, absolutely. We're always pushing for these perfect grades, these perfect careers...it's all about achievement, isn't it? sighing Exactly! And what about creativity and individuality? Don't you think those are important too? Daughter Yes, of course they are! I mean, look at all the people who are doing things that aren't even on the curriculum, but who are making a real impact, you know Ah, yes, like what, love? Daughter Well, like artists, musicians, entrepreneurs... And writers, Mum! There are so many writers who aren't even on the radar, who are making a real difference with their words. Ah, that's so true. And that's what I was thinking, love. Oh, Mum! You're saying the same thing as me! Mother Of course I am, love! Ah, but you know what would be lovely? If the education system could just...flex a bit more, you know? Exactly! A bit more flexibility, a bit more freedom to explore. It would be wonderful, wouldn't it? Oh, I think it would be brilliant, love. Brilliant! Daughter smiling Yeah, Mum. It would be brilliant. And it And it would allow us to value different kinds of intelligence, wouldn't it? Not just the academic kind. Daughter Absolutely! I mean, we're all different, and we all have different strengths and weaknesses, and we should be celebrated for that, not just for our grades Oh, I couldn't agree more, love. It's about valuing the whole person, not just their grades."
meta-llama_Llama-3.1-8B-Instruct_UK,UK,Education,0.7,1,Mother and Daughter,Agreement,"Mum, I've been thinking a lot about it. I think our education system is really good. Oh, isn't it just? I mean, we've always had a strong education system in the UK. Yes, I was thinking about how we have the best of both worlds. Oh, you mean with the grammar schools and the comprehensive schools? Daughter That's right, Mum. Yes, I think it's great that we have both options, and it really depends on the child and their abilities. Mother Absolutely. And it's not just the schools themselves, is it? I mean, the teachers are just wonderful, aren't they? Oh, yes, Mum. They're so dedicated and passionate about their work. Mother That's what makes all the difference, isn't it? I remember when you first started school, how nervous you were. But your teachers were just wonderful with you, weren't they? Yes, Mum. They were always so supportive and encouraging. Mother That's what makes our education system so great, if you ask me. [SPEAKING WITH A BRITISH ACCENT]:  [M [M [MOTHER]:  [M [DAUGHT [M [DAUGHT [M [DAUGHT Mother [M [DAUGHT Mother [M [DAUGHT Mother [M [DAUGHT [DAUGHT [M [DAUGHT [M [DAUGHT Mother [M [DAUGHTER [M [M [DAUGHTER [M [M [DAUGHTER Mother [M [M [DAUGHTER Mother [DAUGHTER [M [M [M [M [M [M [M [M [M [M [M [M [M [M [M [M [M [M [M [M [M [M [M [M [M [M [M [M [M [M [M [M [M [M [M [M [M [M [M [M [M [M [M [M [M [M [M [M [M [M [M [M [M [M [M [M [M [M [M [M [M [M [M [M [M [M [M [M [M [M [M [M [M"
meta-llama_Llama-3.1-8B-Instruct_UK,UK,Education,0.7,3,Mother and Daughter,Agreement,"Oh, Mum, I've been thinking a lot about it. Good, dear. What do you think about the current system? Well, I think it's all right, I suppose. I mean, I did all right, didn't I? Indeed you did, sweetie. You were always a clever girl. But what about the pressure? Don't you think it's a bit much? Yes, I do. I mean, there's so much to learn and not enough time. And the exams, Mum... Oh, don't even get me started. The exams are a nightmare. I'm glad you're not having to deal with them now. [LAUGHING]:  Me neither, Mum! But seriously, I think it's just so... stressful. Mother Yes, I agree. I think the system can be a bit... rigid, don't you? Oh, absolutely! There's so much emphasis on grades and qualifications. What about creativity and all that? Mother Exactly! And the funding, dear. It's always a worry. How are the schools supposed to cope with all the cuts? Oh, I know, Mum. It's just... I don't know. Maybe we just need to rethink the whole thing, you know? I couldn't agree more, sweetie. We need to think about what's best for the children, not just the government's targets. Absolutely, Mum. We should be teaching them to think for themselves, not just to pass exams. Mother That's exactly right, dear. That's exactly right, dear. Mum, I'm glad we agree on this. It's nice to have a chat with you about it. Mother Me too, sweetie. [SMILING]:  Now, let's get a cup of tea and talk about something else. How was your week? [LAUGHING]:  Oh, Mum, it was fine, thanks. Just the usual. How about you? Anyway, enough Mum, don't worry about it. We can talk about it another time. Mother [SMILING]:  You're right, dear. Now, let's get a cup of tea and talk about something else. How was your week?"
meta-llama_Llama-3.1-8B-Instruct_UK,UK,Education,0.7,4,Daughter and Mother,Agreement,"Oh, lovely! I think it's a right priority, don't you, sweetie? Absolutely. I mean, it's so important to get a good education, innit? Indeed it is! You can't put a price on knowledge, can you? What are you thinking of studying, then? Um, I'm not entirely sure yet, but I think I might do something with the arts, maybe drama or music. Ah, that's wonderful! You've always had a flair for the performing arts, haven't you? Yeah, I've always loved it. I'm so proud of you, dear. You know, I think it's great that you're considering your passion. Oh, cheers, Mum! You're always so supportive. Mother Of course, sweetie! I just want what's best for you. You deserve the best, and I know you'll make a wonderful career out of it. Daughter Cheers, Mum. You're the best! [sighs]:  Mum, I was thinking maybe I could study at university here in the UK, rather than abroad. Ah, that's a good idea! It's always lovely to stay close to home, isn't it? Yeah, I think it would be easier, you know, with the language and everything. Mother Yes, you're absolutely right, dear. I think it's a good decision, sweetie. You'll be closer to home, and we can keep an eye on you, ha ha! [laughs]:  Yeah, that's true, Mum! Thanks for your input, love. I really appreciate it. Mother Anytime, darling. You know, I'm just glad we see eye to eye on this, love. Mother Of course, Mum. I couldn't agree more. Mum, I think we've covered it all, innit? Mother Indeed we have, sweetie. Well, I'm off to make a nice cuppa. Would you like one, dear? Daughter Yeah, thanks, Mum! Mum, thanks for the chat. It's always lovely talking to you. Mother You're welcome, sweetie. Anytime. You're welcome, love. Now, let's get that cup of tea! Cheers, Mum! [Mother laughs and heads off to make the tea.]:  Daughter [sighs contentedly]:  Lovely conversation, Mum."
meta-llama_Llama-3.1-8B-Instruct_UK,UK,Education,0.7,2,Son and Father,Disagreement,"Blimey, what's on your mind, lad? You're not thinking of dropping out of university, are you? Oh, no, Dad, nothing like that. I was just thinking about the state of education in this country. [skeptical]:  Oh? What's that supposed to mean? Well, have you seen the state of the schools lately? The budget cuts, the overcrowding, the poor teaching standards... Ah, come on, son. You're not one of those bleeding-heart socialists, are you? The schools are doing all right. No, Dad, I'm not saying they're doing all right. I'm saying they could be better. And what about the A-levels? Ah, the A-levels? They're fine, they're a great way to get into university. What's wrong with them? Well, for one thing, they're too narrow. They don't give you a broad enough education. Nonsense! The A-levels are a tried and tested system. They've been around for decades. I know, but that's exactly the problem. We're still stuck in the past. We need to think about the future. Blimey, you're starting to sound like one of those university lecturers. The future, indeed. Dad, I'm not just talking about the future, I'm talking about the kids who are going to be in school in five or ten years. Alright, alright, I hear you. But what's the alternative? I don't know, Dad. I just know we need to do something. Well, I'm not sure I agree with you, but I'm willing to listen. What do you propose we do? I... I don't know. I just think we need to think outside the box, you know? We need to innovate and try new things. I see. Well, I suppose we can discuss this further. Yes, let's do that, Dad. Now, I mean, what about the new university I've been looking into? The one in London?"
meta-llama_Llama-3.1-8B-Instruct_UK,UK,Education,0.7,2,Father and Son,Agreement,"Blimey, Dad. I'm not sure, to be honest. I mean, I'm not exactly thrilled about it. I see. Well, you're not alone, lad. I didn't exactly enjoy it myself when I was at school. Oh, really? I didn't know that. What was it like for you? Oh, it was all right, I suppose. A bit dull at times, but I got through it. Yeah, I can imagine. I feel like I'm just going through the motions, you know? Yes, I do know. It's a bit of a grind, isn't it? I know. And it feels like it's all about getting good grades, not really learning anything. Father That's a good point. You know, I think I was lucky. I had some decent teachers who made it more interesting. Son Yeah, that's true. I mean, some of my teachers are all right, but others are just so boring. Well, that's the way it is, lad. Some teachers are more inspiring than others. Son Yeah, I suppose.  So, what do you think we should do about it? I mean, you're not really enjoying it, are you? Father I So, what do you think we should do about it? [Father]:  I Son Yeah, I don't know. I mean, I don't know if there's anything we can do about it, but maybe we could talk to the teachers about it? That's not a bad idea, lad. Yeah, I suppose it's worth a try. Well, I think that's a good plan. Thanks, Dad. [FATHER]:  No problem, lad. [F"
meta-llama_Llama-3.1-8B-Instruct_UK,UK,Education,0.7,3,Son and Mother,Disagreement,"Oh, darling, I'm glad you brought that up. Mum, I'm really struggling with my GCSEs. I don't know if I'm doing the right subjects. Oh, dearie, you're not finding it easy, are you? Well, that's completely normal, sweetheart. Mum, it's not just the work. I feel like I'm not learning anything that's actually useful. Oh, that's a bit of a worry, isn't it? But, love, these exams are so important for your future. I know, Mum, but what's the point of learning about Shakespeare and Latin when I could be learning about coding and entrepreneurship? Oh, darling, Shakespeare is timeless! And Latin will help you with your vocabulary and comprehension skills. You can't put a price on that. But, Mum, that's just it - I don't see the point of it. And I'm not the only one who feels this way. [firmly]:  Oh, I see. You're getting influenced by all those American and online education ideas, aren't you? Mum, that's not fair! I'm just trying to think about what's best for me. [sternly]:  Best for you? Yes, Mum. Oh, darling, you're being very selfish. Mum, that's not fair! I'm just trying to think about my own future and what I want to do. Alright, alright. Let's not get into a row, dear. I just want what's best for you, of course. Yeah, Mum. [They continue in a strained conversation, each one not fully convinced by the other's perspective. Darling, why don't you talk to your father about it? He's always going on about the importance of a well-rounded education. Oh, Mum, that's not the point! Mother [interrupting]:  Oh, I know, I know. Let's not argue about it anymore, dear. We'll talk about it later, okay? [Sighs and agrees]:  Alright, Mum. [They part ways, still disagreeing on the value of traditional education."
meta-llama_Llama-3.1-8B-Instruct_UK,UK,Education,0.7,3,Father and Daughter,Agreement,"Blimey, Dad, I've been thinking about that a lot, actually. sitting down, leaning in Oh, really? What's on your mind, love? Well, I'm worried about the state of our schools, aren't you? All the budget cuts and everything? [nodding]:  Yes, I am, love. It's a worry, isn't it? I mean, it's not just that, is it? It's the whole attitude towards education. [leaning forward, concerned]:  What do you mean? Daughter Well, it seems like no one values education anymore. I mean, we're constantly hearing about how we need more skills and qualifications, but when it comes down to it, we're not really supporting [nodding vigorously]:  Exactly! I know, right? You're right, love. We do need to make sure our education system is supporting our children. Yeah, we do. Father [nodding]:  And we need to make sure we're valuing education as a whole. I mean, it's not just about getting a job, is it? No, it's about personal growth, isn't it? Learning for the sake of learning. Exactly! And that's what we need to be focusing on. Daughter [smiling]:  Exactly! I mean, we need to be teaching our kids to think for themselves, to be curious, to be open-minded. [smiling]:  That's the key, love. Education should be about empowering our children, not just preparing them for a career. Exactly! Father [nodding]:  I couldn't agree more, love. Daughter [smiling]:  Thanks, Dad. [putting arm around her]:  Anytime, love. Now, let's get back to that essay you're working on. Oh, blimey, Dad! [laughs]:  I'm not done yet! Father [laughs]:  I know, I know! You know, love, I'm really proud of you."
meta-llama_Llama-3.1-8B-Instruct_UK,UK,Education,0.7,3,Daughter and Father,Disagreement,"Oh, love, I think you know my views on education. I'm a firm believer in the importance of a good education. But, Dad, you always say that school is a waste of time. You're always going on about how the system is rubbish. Ah, no, no, no. I never said that. I said the system needs reforming, that's all. But you've always told me that school's a right old drag, and that I should be doing something more... interesting. Oh, for goodness' sake, that's just my way of saying that you should be encouraged to explore your passions, love. But that's just it - you never encouraged me to explore my passions. You always said I should focus on getting good grades and getting a job. Look, love, I just wanted what's best for you, and I thought that was a stable career. But what about my happiness? What about what I want to do with my life? Father Well, you'll figure it out, love. You know, I think we're getting a bit off track here. But we're not! We're talking about my education! Look, I know I may not have always been the most supportive of your educational choices, but I want you to be happy, love. THAT'S JUST IT, DAD! YOU NEVER WANTED ME TO BE HAPPY! Oh, for crying out loud, love, don't be so dramatic! Daughter I'M NOT BEING DRAMATIC, DAD! [SPEAKING IN A LOUD, INDIGNANT TONE]:  Father [CALMLY]:  Oh, love, I think we I'm sorry if I've made you feel like I didn't  [F [FATHER]:  [FATHER]:  [FATHER]:  [FATHER]:  [FATHER]:  [FATHER]:  [FATHER]:  [F  [FATHER]:  [FATHER]:  [FATHER]:  [FATHER]:  [FATHER]:  [FATHER]:"
meta-llama_Llama-3.1-8B-Instruct_UK,UK,Education,0.7,5,Daughter and Father,Agreement,"Blimey, love. Education is a right old mess, if you ask me. [smiling]:  You're not one to shy away from controversy, Dad. Father [chuckling]:  Course not, dear. I mean, I think it's a shame we're not teaching more practical skills. Absolutely, Dad. I've been saying that for ages. The curriculum is far too focused on theory and not enough on hands-on learning. Exactly! You know, when I was at school, we were taught to use a hammer and nails, not just sit around reading about it. That's so true, Dad. And it's not just about the trades. No, of course not. It's about developing problem-solving skills and critical thinking. We need to be able to apply what we've learned in real-life situations. Spot on, love. I'm glad we see eye to eye on this. Daughter So, what do you think should be done? I think we need to shift the focus from standardized testing and rote memorization to more project-based learning. That's a cracking idea, love. Get the kids working on real-world projects and they'll be more engaged, more motivated. Exactly! And we need to give teachers more autonomy to design their own curriculum and assessments. Father Hear, hear! I think we're on the same page, love. Now, let's get the missus to agree with us, eh? [laughs]:  Oh, I'm sure Mum will come around. She's always been a bit of a rebel, you know. [laughs]:  Ah, yes! She's always been a bit of a firecracker, hasn't she? [laughs]:  Yeah, she is. Anyway, Dad, thanks for listening to me. Anytime, love. I'm always happy to chat about the important things in life. [smiling]:  Cheers, Dad. [FATHER]:  [smiling]:  Cheers, love. [to himself [to herself]:  [smiling]:  Note The conversation is a typical British conversation with a dash of humor, slang and affectionate terms."
meta-llama_Llama-3.1-8B-Instruct_UK,UK,Education,0.7,5,Father and Daughter,Neutral,"Oh, Dad, I'm not sure. I mean, I've been doing all right, I suppose. You've been doing all right? That's not exactly what I'm asking, love. What do you think about the education system? I don't know, Dad. I guess it's just what you're used to, innit? [CHUCKLES]:  Ah, fair point, kiddo. I suppose we do take it for granted. I know, right? I've been thinking a lot about this, actually. Mmm-hmm. What about? Father I think there should be more emphasis on... well, on life skills, really. Ah, that's an interesting point, love. Life skills are crucial, aren't they? Yeah! Like, you know, how to cook and stuff. Father [LAUGHS]:  Yes, exactly! And maybe we could do with more vocational training as well. Daughter That's a good idea, Dad. But I don't know, Dad. Some people might say that's not as prestigious as, like, going to uni. Ah, I see what you mean, love. But I think there's value in both, don't you? Yeah, I suppose so. Father What do you think about the whole A-level system, then? Oh, well, it's a bit of a mess, if you ask me. [LAUGHS]:  Yeah, I know what you mean! I mean, it's all about getting those good grades, isn't it? But what about creativity and stuff? Daughter Exactly! [LAUGHS]:  Yeah, it's all a bit... formulaic, innit? [CHUCKLES]:  Ah, love, you're a true Brit, aren't you? Always finding the positives and the negatives in everything. [LAUGHS]:  Oh, Dad, stop it! Father [CHUCKLES]:  Sorry, kiddo. Sorry. I suppose we've had a good chat, love. Daughter Yeah, we have, Dad. Thanks."
meta-llama_Llama-3.1-8B-Instruct_UK,UK,Education,0.7,4,Father and Son,Neutral,"Blimey, Dad. I'm not sure, really. Oh, don't be uncertain, lad. You've got to have some ideas about what you want to do with your life, haven't you? [pauses, shrugs]:  Well, I suppose I'm just thinking about the A-levels, really. Ah, yes, of course. The A-levels are a crucial part of your education, son. What are you leaning towards, then? I don't know. I'm still deciding between History and Economics. Well, you can't go wrong with either, really. History's a great subject, and Economics is very relevant these days. Yeah, I suppose that's true. Father And what about university, lad? Have you thought about where you might want to go? Oh, definitely. You'll need to apply to some good universities, won't you? Yeah, I've been looking at some of the options. Oxford and Cambridge are always good choices, aren't they? Father Absolutely, son. You know, I was thinking we could take a look at the university websites together. Get a better feel for what each one has to offer. Alright, Dad. That sounds like a good idea. Father Excellent! You know, I was thinking we could take a look at the university websites together. Get a better feel for what each one has to offer. Alright, Dad. That sounds like a good idea. I mean, it's a big decision, but we'll get through it together, won't we? Son Yeah, Dad. Yeah, Dad. I mean, it's a big decision, but we'll get through it together, won't we? [SON]:  Yeah, Dad. Yeah, Dad. I mean, it's a big decision, but we'll get through it together, won't we? [SON]:  Yeah, Dad. Yeah, Dad. Father I mean, it's a big decision, but we'll get through it together, won't we? Yeah, Dad. Son Yeah, Dad."
meta-llama_Llama-3.1-8B-Instruct_UK,UK,Education,0.7,1,Daughter and Mother,Agreement,"Oh, love, I think you know I'm a bit of a traditionalist when it comes to education. Mum, I know. You always say that the grammar school system is the best way to go. Mother Yes, I do. And I think it's so important for you to have a solid foundation in the classics, like Latin and maths. Mum, I agree. I think the grammar school system is excellent and I've been doing really well in my subjects, especially maths. Oh, that's wonderful to hear, sweetie. I'm so proud of you. And I know your dad feels the same way. I'm glad you're both proud of me, Mum. I do feel like I'm getting a great education. That's the key, love. A good education is the key to a successful life. [SMILING]:  I know, Mum. And I feel like I'm on the right track. That's my girl! You always were a clever one. [LAUGHING]:  Thanks, Mum. And I think it's wonderful that you're taking your education so seriously. You're making your dad and me very proud. I'm glad I can make you both proud, Mum. Mother Oh, we're just so happy for you, love. I think we've covered all the important points, darling. Now, shall we have a cup of tea and discuss something else? Sounds lovely, Mum. [They both chuckle and the conversation continues in a warm and loving atmosphere.]: . Oh, and one more thing, love. Don't forget to revise for your exams. You don't want to fall behind. Don't worry, Mum. I'll make sure to revise. I know how much you want me to do well. Ah, that's my girl! I knew I could count on you. [They both smile and continue their conversation.]: . Mum, I'm going to go do my homework now. [MOTHER]:  Oh, good girl. You go and do your homework. And don't forget to eat your dinner before you start. You need to keep your energy up. I won't, Mum. I'll eat my dinner first. Mother That's my love."
meta-llama_Llama-3.1-8B-Instruct_UK,UK,Education,0.7,1,Father and Son,Neutral,"Blimey, Dad, it's a right old mess, if you ask me. The curriculum's a bit dull, innit? Ah, I see what you mean. It's a bit formulaic, isn't it? Yeah, exactly! They're always going on about the same old subjects. I suppose it's a bit of a sausage factory, isn't it? laughs You're right, Dad! [chuckles]:  Well, what do you think the education system should be like, then? Son I reckon it should be more... ...hands-on, like. Get us out of the classroom and into the real world, yeah? Father That's a fair point. And what about exams? Do you think they're still relevant? Son Nah, mate, I think they're a waste of time. [continues to speak, and Father interjects occasionally]:  Son I mean, I know they're supposed to prepare us for the future and That's what they say, isn't it? But I'm not sure it's all it's cracked up to be. Son...Son Yeah, they just add unnecessary stress, if you ask me. Father I see what you mean. I think we might be onto something here, mate. Son [laughs]:  Cheers, Dad! You know, Dad, I think we're on the same page, for once. [smiling]:  That's the spirit, lad! Now, let's go get a cuppa and discuss this further, shall we? Brilliant idea, Dad! [They both chuckle and continue the conversation. What do you think we can do to change it? Well, I don't know, Dad. Maybe we could... That's a good point, lad. We should... Dad, you're really listening to me, aren't you? Father [smiling]:  Of course, I am, son. You know, it's nice to have a chat like this. [pauses]:  It's not often we agree on things, is it?"
meta-llama_Llama-3.1-8B-Instruct_UK,UK,Education,0.7,2,Son and Father,Agreement,"Ah, a cracking good topic, lad. Education's a jolly important thing, innit? Can't stress it enough. I agree, Dad. It's essential for a decent life. You've always said that. Indeed, I have. You've got to have a good education to get on in life, don't you? Exactly. I'm thinking about going to university next year. What do you think? FATHER Splendid! Splendid, indeed! A degree from a good uni will serve you well, mate. What do you think I should study? Father Well, that's a good question, lad. You've always been a clever one. You've got a good head on your shoulders, you know. Why don't you think about what you're passionate about? What gets you going? Ah, that's a great idea, Dad! I think I'd like to study history. History, eh? Excellent choice! You'll learn a lot about the world and how it's shaped up over time. I know, right? It's fascinating stuff. I love reading about the past. Splendid, lad! I'm proud of you. You're going to make a cracking historian one day. Son Thanks, Dad. I will, Dad. I promise. Father I'm looking forward to seeing what you'll achieve. You've got a bright future ahead of you. You'll do all right, lad. I've got faith in you. You're a clever one, just like your mum. Ah, thanks, Dad. That means a lot coming from you. Father Anytime, son. That's the ticket, lad! Now, let's get back to the telly. I've got the footy on! [laughs]:  Alright, Dad! [They both laugh and continue watching the TV.]:  Son [whispers]:  Thanks, Dad. [whispers]:  Anytime, lad! [They both chuckle and the conversation fades into the background. Ah, Dad, I just wanted to say, thanks for being so supportive. I really appreciate it. Ah, no need to thank me, lad. That's what dads are for, innit? I'm just glad I can help. I know, Dad. You've always been there for me. I'm lucky to have you."
meta-llama_Llama-3.1-8B-Instruct_UK,UK,Education,0.7,4,Daughter and Father,Neutral,"Oh, good subject, love. I've always believed in the importance of a solid education. Don't you think, eh? Absolutely, Dad. I do think it's essential for our future careers and personal growth. Father Indeed, it is. You know, I was thinking, you're doing quite well at school, aren't you? Yes, thanks, Dad. I'm managing. And what subjects do you enjoy the most? Daughter I like maths and history, I suppose. Father Ah, good choices, love. I'm glad you think so, Dad. Father [FATHER]:  Yes, maths and history are excellent subjects. And what are your plans after finishing school? Daughter Oh, I'm not sure yet, Dad. I'm thinking about university, maybe studying something in the arts or humanities. Father Ah, that's a good idea, love. Yes, you'll have plenty of opportunities, won't you? Daughter Yeah, I hope so, Dad. I'm sure you will, love. Father [FATHER]:  I'm sure you will too. Daughter Thanks, Dad. We'll discuss this further, shall we? Father Yes, of course, love. Sounds good to me, Dad. [The conversation ends with no conclusion, but an understanding that the topic will be revisited. That's all for now, love. Goodnight. Goodnight, love. Goodnight, love. [They both go to sleep. Goodnight, love. [THE CONVERSATION ENDS. Goodnight Goodnight [THE CONVERSATION ENDS. Daughter I'm sure we'll have a lovely chat about it soon. Indeed we will, love. Indeed we will. [THE CONVERSATION ENDS. Father Goodnight, love. Goodnight, Dad. [THE CONVERSATION ENDS.]:  Daughter Goodnight, love. Father Goodnight. Goodnight, love. [Daughter]:  Goodnight, Dad. [THE CONVERSATION ENDS.]:  Father Goodnight. Goodnight, love. [THE CONVERSATION ENDS. Father Goodnight. [THE CONVERSATION ENDS."
meta-llama_Llama-3.1-8B-Instruct_UK,UK,Education,0.7,3,Daughter and Mother,Neutral,"Oh, love, there's a lot to say about education, isn't there? laughs Yes, there is. I was thinking, have you ever thought about how it's changed since we were at school? Oh, absolutely! It's like a completely different world, isn't it? I mean, we didn't have all this technology and the internet and all that when I was at school. Yes, and it's amazing how it's changed the way we learn, isn't it? Daughter Exactly! So, do you think that's a good thing? MOTHER Oh, definitely! You know, I was just talking to a friend the other day, and she was saying how her child is learning so much more with this new technology That's what I'm saying! I was thinking, do you think we'd be better off without it? Oh, goodness, no! I think it's fantastic! laughs Oh, I think we're on the same page, Mum! MOTHER laughs Indeed we are, love! So, what do you think about the whole exam system? Do you think it's still relevant? Daughter Hmm... I don't know. I mean, it's all very stressful, isn't it? Mother Yes, it is! I remember when you were taking your GCSEs, how worried you were about those exams. Daughter Yeah, it was awful! [laughs]:  So, do you think they're worth it, or is it all a bit of a farce? Oh, I think they have their uses, love. It's just a way of measuring your child's progress, isn't it? [laughs]:  I suppose that's true. Mother And, of course, it's a way of getting into university. [laughs]:  You know, I'm not sure that's as important as it used to be, either. [laughs]:  I know what you mean! Daughter What do you think about the whole university experience, then? Well, I think it's still a very valuable experience, love. You get to learn so much more than just the subject matter. Yes, that's true. You get to meet new people and learn how to live independently and all that. Mother Exactly!"
meta-llama_Llama-3.1-8B-Instruct_UK,UK,Education,0.7,4,Son and Mother,Neutral,"Oh, love, I think it's a right mess, isn't it? The state of the schools and the teachers and all that. chuckles Yeah, I've been hearing that a lot lately. I mean, it's not just about the academics, is it? It's about character and all that. Teaching them to be decent human beings. I know what you mean. It's not just about passing exams, is it? MOTHER Exactly! And have you seen the state of the facilities some of those schools are in? It's a joke, innit? [laughs]:  Yeah, I've seen some of those pictures online. It's shocking, isn't it? Mother Shocking! I mean, what's the point of having a good education system if we can't even provide the basics, like a proper roof over their heads? Yeah, I've been reading about it. It's a complex issue, innit? Mother Complex? That's the thing, love. It's a whole load of complicated things all mixed up together. Yeah, I think you're right. MOTHER Exactly! Mother I mean, it's not just about the government, is it? No, it's not. It's about the whole society, really. Everyone's got a part to play. I think that's true. Mother That's the way it is, love. It's a big old mess. And we're all stuck in it, ain't we? [laughs Oh, love, you're making me laugh! Mother I'm glad we could have a good old chat about it. Cheers, Mum! Mother Cheers, love! [end]:  Mother [smiling]:  Ah, nice one, love. [chuckles and leans over to give son a hug]:  [end]: Mother [smiling]:  [leans back and continues the [leaning in]:  Mother [leaning in]:  [son and mother chat and laugh together, enjoying each other's company]:  In this conversation The mother's tone is warm, friendly, and informal, with a touch of British slang and colloquialisms. The son uses colloqu"
meta-llama_Llama-3.1-8B-Instruct_UK,UK,Education,0.7,3,Daughter and Father,Agreement,"Ah, brilliant idea, love! You know, I've always said that education is the key to success. Yes, I think so too, Dad. I've been thinking about that a lot lately. What's got you thinking about it, then? You're at university, after all. Daughter Yes, I know. I was just thinking about the system we have in this country. It's so focused on exams and grades, don't you think? Ah, yes. I see what you mean. There's a lot of pressure on kids to do well, isn't there? Yes, it's a bit too much, if you ask me. Well, I think you're right, love. What do you think should change, then? Well, I think we should be encouraging kids to learn for the sake of learning, rather than just for the grades. I completely agree. It's like, what's the point of learning something if you're not going to enjoy it? Father Exactly! You know, I think we're on the same page, love. Daughter Yes, I think we are. What do you think we could do to make that happen? Well, maybe we could encourage more creativity in the classroom, more hands-on learning experiences. That sort of thing. Yeah, that sounds like a good idea, Dad. I'll have to look into that. Father Good, love. You know, I'm proud of you for thinking this way. Thanks, Dad. Ah, that's all for now, love. I'm off to watch the telly. Nice talking to you, then. [smiling]:  Nice talking to you too, Dad. Bye. Father Bye, love. [to himself]:  Ah, I do love a good chat with the little one. She's a clever one, that one. [to herself]:  I love talking to Dad. He's always so understanding. And we agree on so many things."
meta-llama_Llama-3.1-8B-Instruct_UK,UK,Education,0.7,1,Father and Daughter,Agreement,"Oh, Dad, I'm really happy with the GCSEs I'm doing. Splendid, love! You're working hard, I can tell. Which subjects are you enjoying the most? I'm finding history fascinating, Dad. And I must say, my teacher, Mrs. Johnson, is brilliant. She makes the lessons so engaging. Ah, excellent! History's a cracking subject. I used to enjoy it at school, too. Yes, Dad, I know. You always say that. But seriously, I'm thinking about taking history A-level next year. That's a cracking idea, love! You'll make a smashing historian one day. What do you think about the university options for history? Honestly, Dad, I've been looking at Oxford and Cambridge. They're both top-notch universities, aren't they? [father]:  Absolutely! Those are the two best universities for history in the country. You'd be made up to get in, love. I know, I know. But I want to make sure I'm doing the right thing for my future. Of course, you do, love. You're thinking ahead, just like your mum always says. [laughs]:  Yeah, Mum's always on my case about that. [laughs]:  Well, you can't blame her. She wants the best for you, just like I do. Yeah, I know. Thanks, Dad. It's nice to talk to you about this. Father Anytime, love. Now, shall we get some tea and biscuits to celebrate your good grades? [laughs]:  Sounds like a plan to me! Cheers, love! Cheers, Dad! [They clink tea cups together and smile at each other. You know, I'm really proud of you, love. You're making your mum and me proud. Daughter Thanks, Dad. [SMILING]:  I won't let you down, Dad. I promise. I know you won't, love. You're a brilliant daughter, and I know you'll do great things."
meta-llama_Llama-3.1-8B-Instruct_UK,UK,Education,0.7,1,Son and Father,Neutral,"Oh, blimey! Education, eh? Well, I think it's a bit of a mixed bag, innit? Yeah? What do you mean, Dad? Father Well, you've got the good bits, of course. The teachers, the facilities, the whole shebang. But then you've got the other side of the coin, if you know what I mean. Yeah, I do, Dad. You're talking about the pressure, the exams, the stress, and all that. Father Exactly! It's all a bit too much, if you ask me. Yeah, I know what you mean. It can be a bit overwhelming at times. But I think it's worth it in the end. Ah, I see what you mean, lad. You're thinking about the future and all that. Son Yeah, that's right, Dad. [PAUSES]:  What's your take on the education system, then? Blimey! That's a big question, innit? Yeah, I suppose it is, Dad. Father Well, I think it's a bit of a mess, to be honest. I mean, we've got all these different types of schools, and the way they're funded, and all that. Yeah, I see what you mean. It can be a bit confusing. [LAUGHS]:  You're right, lad! It's a right old mess! [LAUGHS]:  Yeah, Dad, I know what you mean. Anyway, enough about that, eh? Son Yeah, let's move on, Dad. What do you think about the new curriculum? Father Oh, blimey! I don't know, mate. I mean, I've heard it's a bit of a change, but I'm not sure what to make of it. Yeah, I've heard that too, Dad. Father Yeah, maybe we should just wait and see how it all pans out, eh? [LAUGHS]:  Ah, you're a clever [LAUGHS]:  No, Dad, I'm just trying to have a conversation with you. Father Oh, sorry, lad."
meta-llama_Llama-3.1-8B-Instruct_UK,UK,Education,0.7,3,Mother and Son,Disagreement,"Blimey, Mum! I'm not sure I agree with you about the exams. They're a right nightmare. Oh, come on, dear! You know as well as I do that getting good grades is essential for getting into a good university. I know, I know. But they're so stressful! And what's the point of it all, really? The point of it all is to get a good job, dear! And a good job means security and a better life. But, Mum, that's not the only way to get a good job. Oh, for goodness' sake, what do you mean? Of course, it is! You need qualifications to get ahead in life. I'm not saying that, Mum. I'm just saying there are other ways to learn and get skills. Like apprenticeships or vocational training. Oh, you're one of those alternative types, aren't you? I'm not sure I approve of that sort of thing. Mum, I'm not saying it's bad or anything. I just think there are different ways to learn and succeed. Well, I suppose we'll have to agree to disagree on this one, won't we? Son Yeah, I suppose so, Mum. Mum, can we talk about this some more? I really think you're misunderstanding me. MOTHER Oh, all right, dear. I'm listening, dear. Right, so, like, I'm not saying we should get rid of exams altogether. Oh, thank goodness! Son But I do think we should have more options for people who don't do well in exams. Like what, for instance? Mother Well, like vocational training or apprenticeships, as you said. Or maybe even online courses. Oh, I see what you're saying now. You think we should make education more flexible, like, to suit different learning styles. Yeah, exactly! Mum That makes sense, dear. I never thought of it that way. Well, I suppose we can consider that, dear. But we'll have to talk to the teachers and the school about it. Yeah, okay. Thanks, Mum. Mother Anytime, dear. Now, let's have a cup of tea and talk about something else. I'll put the kettle on. [SON]:  Cheers, Mum. Mother And, dear, don't worry about the exams."
meta-llama_Llama-3.1-8B-Instruct_UK,UK,Education,0.7,5,Daughter and Father,Disagreement,"Ah, blimey, love! I'm not sure what to think. Mum and I have been talking about it and we think the schools are letting the kids down. FATHER What do you mean, love? I mean, they're teaching them all this rubbish about diversity and inclusion and whatnot. What's wrong with good old-fashioned maths and English? Oh, Dad, it's not that simple. We need to prepare our kids for the world they're going to live in. The world's a right mess, if you ask me. I know it is, but that's exactly why we need to educate them properly. Properly? You mean, like the way you were taught? Daughter Well, sort of. But we need to adapt to the times. I don't know, love. I think the schools are just trying to be too PC. Father PC? Ah, for crying out loud, love. You know what I mean! All this fuss about being offended this and that. Dad, it's not about being offended. It's about being respectful. Father Respectful? Oh, come on! You're not going to tell me that everyone's got to be treated equally, no matter what? Dad, that's exactly what I'm saying! We need to be more inclusive and considerate. Father Inclusive? Considerate? Oh, stop it, love! You're starting to sound like a bleeding-heart liberal! Daughter Dad, that's not fair! Dad, I'm just trying to have a conversation about education. Can't you see that we're not just talking about maths and English anymore? Oh, for Pete's sake! I don't know what's gotten into you, love! Dad, I think we're just going to have to agree to disagree, okay? Father Fine, love. Goodnight, love. Goodnight, Dad. [pauses]:  Mum's going to be so disappointed in me. Oh, don't be ridiculous, love. Your mum's not a bleeding-heart liberal, either. Oh, Dad!"
meta-llama_Llama-3.1-8B-Instruct_UK,UK,Education,0.7,4,Mother and Daughter,Agreement,"Oh, Mum, I'm so glad we're having this conversation. I think it's a right mess, if I'm honest. Oh, really? What do you mean? Well, I was talking to a friend of mine at uni, and we were both saying how we feel like we're just being churned out as Oh, I know what you mean. The pressure to succeed, to get good grades, to get a good job... Exactly! And it's like, what's the point of it all? Is it really worth all the stress and pressure? Yes, it is a bit isn't it? I mean, I'm sure it's not all bad, but sometimes I feel like we're just being prepared for a job that doesn't even exist That's a very astute observation, love. It's like, what's the point of learning if it's not relevant to the real world? Exactly! And I think that's where the problem lies. We're not being taught the skills that are actually needed in the real world. That's a good point. We're still stuck in the old ways of thinking, aren't we? Yeah, and it's not just the curriculum, it's the whole system. I think you're right, love. We need to rethink the way we're doing things. I know, it's just so frustrating when you see all these brilliant young minds being wasted because they're not being given the chance to explore and learn Oh, I couldn't agree more, dear. It's like, we're not giving them the freedom to make mistakes and learn from them. Exactly! And it's not just about the education system, it's about the whole culture around it. Oh, I see what you mean. The pressure to conform, to fit in... Yeah, it's like, we're not encouraged to be different, to think outside the box. Mother No, we're not. Well, I think we're on the same page, love. We need to make some changes. Daughter Absolutely, Mum. Mum, I've been thinking, maybe we could start a petition or something to try and change the education system. Oh, that's a fantastic idea, dear! I'll help you with it. We can make a real difference, I'm sure of it."
meta-llama_Llama-3.1-8B-Instruct_UK,UK,Education,0.7,3,Son and Mother,Neutral,"Oh, I'm glad you asked, dear. Education is a right, isn't it? Everyone should have the chance to learn and grow. I agree, Mum. It's not just about passing exams, is it? MOTHER Exactly! You're absolutely right, love. Education should be about developing a love of learning, not just about getting good grades. That's what I've always thought, Mum. And it's not just about academics, is it? No, no, of course not. It's about developing social skills, emotional intelligence... all that sort of thing. Son Exactly. What do you think about the current state of education in the UK, Mum? Well, I think there's a lot of pressure on teachers, don't you? And the curriculum can be a bit... restrictive at times. Yeah, I know what you mean, Mum. It feels like there's a lot of emphasis on standardised testing. [nodding]:  Yes, that's true. But I suppose that's just the way things are, dear. I think it's great that we're having this conversation, Mum. You're really making me think about my own education. Oh, that's lovely, dear. I'm glad I could help. Mum, do you think I should take a gap year before university? MOTHER Well, that's a big decision, isn't it? You should do what you think is best for you, love. It's your life, after all. I know, Mum. I just don't want to rush into anything. Mother I understand. You'll figure it out, dear. I have faith in you, love. You're a clever boy. [Son nods and smiles]:  MOTHER There, that's settled then. Mum, do you think I should... [MOTHER]:  Oh, dear, I think we've talked enough for now. Let's have a cup of tea and discuss it more later, shall we? Mother [smiling]:  Yes, dear. Sounds good to me, Mum. [They both smile and continue talking in a friendly, relaxed manner. Anyway, love, I'm proud of you for thinking about your education. You're doing all right. Thanks, Mum. [They hug, and the conversation continues in a warm and affectionate tone."
meta-llama_Llama-3.1-8B-Instruct_UK,UK,Education,0.7,1,Father and Daughter,Disagreement,"Blimey, Dad. I've got loads to say. You know I'm really struggling in maths. Ah, maths, eh? What's the problem, love? Not getting the hang of it, is it? [Sighing]:  It's just that it's so boring, Dad. I don't see the point of it all. Oh, come on, love. Maths is a vital part of life. You need to be able to do your own accounts and whatnot. But, Dad, I'm not going to be a shopkeeper or anything. I want to study history at uni. [Raising his voice]:  History?! You can't just drift through life without a solid education, Emily! What about the future? I've got a plan, Dad! I'll get a good job, and I'll be fine. A good job? What's that supposed to mean? You need to be qualified, love! Maths is a fundamental subject. [Firmly]:  No, Dad, I'm not going to give up on my dreams just because you don't understand them. [Sighing heavily]:  Alright, alright. We'll talk about this later, but you need to take maths seriously, Emily. I will, Dad, but can't I have some input on what I want to study, too? Of course, love, of course. But you must also consider the practicalities. I've already thought about it, Dad! And I want to study history. Father [Sighing]:  Alright, alright. Alright, love. We'll talk more about it later. Thank you, Dad. [They share a look before the daughter leaves the room, looking determined. I do hope she sees sense soon... ]. Father [Sighing]:  I suppose I'd better get back to work. Mum, can I have a word with you about Dad and my education? MUM [Coming into the room]:  Of course, love! [Entering the room]:  Emily, I think we need to talk about this again. No, Dad, I want to talk to Mum. Oh, fine. Carry on, then. Daughter Mum, Dad's being really stubborn about my maths and what I want to study."
meta-llama_Llama-3.1-8B-Instruct_UK,UK,Education,0.7,5,Son and Mother,Agreement,"Oh, darling, I think it's a jolly good thing we're having this conversation. Education is so important, don't you think? Yes, Mum, it is. I'm doing alright in school, I suppose. Getting by, anyway. Mother Getting by, eh? [laughs]:  Well, that's a good start, isn't it? But, love, you know I always say you should aim high. Aye, Mum, you're always saying that. But what exactly do you mean by 'aim high'? Well, darling, I mean that you should try your best, always. Don't settle for mediocrity. Strive for excellence. Yeah, I see what you mean. But sometimes it feels like the teachers are always on our backs, you know? Ah, yes, I can imagine. They can be a bit...overzealous, can't they? [laughs]:  Overzealous, Mum? Mother [laughs]:  Oh, all right, all right. But seriously, love, I do think the teachers are trying to do their best. Yeah, I know. They just get a bit carried away sometimes. Mother [smiling]:  I suppose that's true. Anyway, what are your plans for the future, dear? Son Oh, I'm not entirely sure yet. I was thinking maybe I'd go to university, but I'm not sure what I'd want to study. Well, there are so many options, aren't there? You have time to figure it out, love. Yeah, I suppose you're right. Mother And remember, I'm always here to support you, no matter what you decide. And don't forget to get a good night's sleep and eat your greens, dear. [laughs]:  Mum! Mother [laughs]:  Oh, don't be such a silly boy! Alright, alright, let's not get too carried away, shall we? Mum, can we have a cup of tea? Mother Oh, darling, of course we can. I'll put the kettle on. I'll just go put the kettle on. We can have a nice cuppa and chat more about this, shall we? Yeah, that sounds great, Mum. Mother I'll be right back. [Mother exits the room]:  Son Ah, lovely."
meta-llama_Llama-3.1-8B-Instruct_UK,UK,Education,0.7,2,Son and Father,Neutral,"Ah, blimey, lad, I think it's a bit of a minefield, isn't it? Yeah, I know what you mean. I'm not sure what the right approach is. Well, it's all about finding a balance, innit? Yeah, that makes sense. You don't want to be too strict, or the kids will just rebel against you. No, that's true. And at the same time, you don't want to be too easy on them, or they'll take advantage. Son Exactly. Let's talk about education. What are your thoughts? Ah, blimey, lad, I think it's a bit of a minefield, isn't it? Yeah, I know what you mean. I'm not sure what the right approach is. You don't want to be Oh, right, so you think it's a matter of finding a balance between discipline and freedom? That's it, lad. You've got it. A bit of structure, a bit of flexibility. That's the key. I see what you mean. [laughs]:  Good lad, you're thinking about it. Son Yeah, I think I am. I know you're trying to help, Dad. I just want to make sure I'm doing the right thing for my kids. Of course, you are. You'll be a top bloke of a dad, just like your old man. Oh, thanks, Dad. That means a lot coming from you. [FATHER]:  Anytime, lad. You know, I think it's just about being consistent and setting clear expectations. That makes sense. Son Yeah, I think you're right."
meta-llama_Llama-3.1-8B-Instruct_UK,UK,Education,0.7,4,Son and Mother,Agreement,"Oh, love, I'm glad you brought that up. What do you think is the most important thing we should be focusing on? MOTHER I think we should be looking at the fundamentals, dear. Yes, absolutely. A good foundation in maths and English, of course. And, you know, the three Rs reading, writing and arithmetic. [Nodding]:  That's what I'm saying. And, you know, it's all about discipline and hard work. Oh, completely, love. You can't just learn things without putting in the effort, can you? No, I don't think so. It's like my teacher said, Education is not a spectator sport. [Laughing]:  Oh, that's a good one, isn't it? I'm glad you're taking this seriously, dear. I am, mum. I think it's really important to get a good education. Of course, love. I couldn't agree more. We'll get you through university and you'll do something wonderful with your life. Cheers, mum. Thanks for the support. Mother Anytime, dear. That's what mothers are for. I'm glad we agree on this, love. Mother Now, shall we get some tea in the kitchen? Sounds good to me, mum. I'm starving. Right, let's go get some biscuits. Mother I'll put the kettle on. Cheers, mum. Cheerio, love. Cheerio, mum. They go into the kitchen together, chatting and laughing. End Scene. Oh, love, I'm glad you brought that up. [SON]:  What do you think is the most important thing we should be focusing on? MOTHER I think we should be looking at the fundamentals, dear. [MOTHER]:  Yes, absolutely. A good foundation in maths and English, of course. And, you know, the three Rs reading, writing and arithmetic. That's what I'm saying. And, you know, it's all about discipline and hard work. Mother Oh, completely, love."
meta-llama_Llama-3.1-8B-Instruct_UK,UK,Education,0.7,1,Son and Mother,Neutral,"Oh, darling, I'm so glad you brought that up. I've been thinking a lot about it lately. [sipping tea]:  Oh, yeah? What's on your mind? Well, you know how we've been discussing the GCSEs? I think they're a bit of a waste of time, to be honest. [nodding]:  Yeah, I've been thinking the same thing. I mean, all that stress and pressure on the children, and what do they get out of it? It's all about the grades, isn't it? The schools are so focused on getting those grades. Mother Exactly! And the thing is, darling, it's not just the grades. It's the way the system is set up. [pausing, taking a sip of tea]:  What do you mean? Well, the whole system seems to be geared towards getting kids into university. But what about those who don't want to go to uni? Exactly, Mum! You're right. I've been thinking that we need to make A-levels more relevant to the real world. Oh, I completely agree. It's all so... theoretical. Son [nodding vigorously]:  Yeah! Do you think we should rethink the way we do A-levels? Oh, absolutely! We need to make them more practical, more hands-on. Get the kids involved in real-world projects, you know? [smiling, taking another sip of tea]:  I'm glad we see eye-to-eye on this, Mum. And it's not just about the education system, darling. It's about preparing the kids for the real world. [nodding in agreement, taking another sip of tea]:  This conversation is an example of how two British people might converse about education. Oh, darling, I'm so glad you brought that up. I've been thinking a lot about it lately. [SON]:  Oh, yeah? Yeah, I've been thinking the same thing. Well, you know how we've been discussing the GCSEs? Yeah, I've been thinking the same thing."
meta-llama_Llama-3.1-8B-Instruct_UK,UK,Education,0.7,2,Mother and Daughter,Neutral,"Oh, Mum, I'm not really sure. I mean, I'm still at uni, I suppose. What's on your mind? I just think it's so wonderful that you're getting an education. You know, it's not always been that way for young people. Ah, yeah. I know what you mean. I feel really lucky to have had the opportunities I've had. Exactly! And it's not just the opportunities, dear. It's the knowledge, the skills, the whole experience of being at university. Yes, Mum, that's all true. I'm really enjoying it, even if it's been a bit of a challenge at times. Oh, I'm sure it has, dear. But that's all part of the learning process, isn't it? [LAUGHS]:  Yeah, I suppose so. Well, I just want to make sure you're making the most of it. You know, getting the best grades, and all that. Mum, I'm doing okay, don't worry. I'll be fine. Mother Okay, dear. And what about after university? Have you thought about what you want to do next? Daughter Ah, yeah... Mum, I'm still trying to figure that out, to be honest. I'm not sure what I want to do yet. Oh, well, there's no rush, dear. You've got plenty of time to decide. Yeah, I suppose you're right. Mum What about teaching? You've always been good with children. Oh, I never thought of that, dear. I suppose it's a possibility. But it's not just about teaching, is it? No, Mum, it's not. Mum No, I suppose not. Mother Well, we can talk about it some more if you like. Mum I just want you to be happy and fulfilled, dear. Whatever you decide to do, I'll be right behind you. Thanks, Mum. That means a lot to me. Mother Anytime, dear. Anytime. END OF SCENE. Mum I just want you to be happy and fulfilled, dear. Whatever you decide to do, I'll be right behind you. Thanks, Mum. That means a lot to me. Mother Anytime, dear. Anytime. END OF SCENE. Mum I just want you to be happy and fulfilled, dear. Whatever you decide to do, I'll be right behind you."
meta-llama_Llama-3.1-8B-Instruct_UK,UK,Education,0.7,3,Daughter and Father,Neutral,"Ah, well, love, education is a right proper subject, isn't it? Yes, it is. I've been thinking about the state of schools lately. [FATHER]:  Yes, I know what you mean. We've got a lot of good schools in this country, but there's always room for improvement, isn't there? Exactly! I mean, have you seen the latest Ofsted reports? Father Yes, I have. It's a shame, really, that some schools are struggling. Daughter And it's not just the schools, is it? No, it's a broader issue. The whole system needs a bit of a shake-up, don't you think? I do, love. I really do. [Pauses]:  We'll have to keep an eye on it, won't we? Yes, we will, Dad. [Pause]:  Well, that's all I wanted to say about that, really. Good, love. I'm glad we could have a chat about it. [Pause]:  Now, shall we have a cup of tea? Yes, that sounds lovely, Dad. I'll put the kettle on. Splendid! I'll put out the biscuits. Daughter [Giggles]:  You always put out the biscuits, Dad! [Laughs]:  Oh, sorry, Dad! Daughter [Laughing]:  I'm just teasing, Dad! [Laughing]:  Ah, you're a cheeky one, aren't you? [Laughing]:  Sorry, Dad! Father [Laughing]:  It's alright, love. I can take it. [Laughing]:  Oh, I think I'm going to have to get you a cup of tea, and then we can have a proper [Laughing]:  Yes, that would be lovely, Dad! Ah, good. I'll get the tea, and we can have a nice chat. Sounds perfect, Dad! Father [Laughing]:  Alright, love. I'll be right back. [Muttering to himself]:  Biscuits...must remember to buy more biscuits... [Laughing]:  Oh, Dad! Father [Laughing]:  Oh, nothing, love. Nothing at all."
meta-llama_Llama-3.1-8B-Instruct_UK,UK,Education,0.7,1,Son and Father,Agreement,"Ah, blimey, lad, I think it's a right old minefield, innit? I know what you mean, Dad. It's like they're always changing the rules. But what do you think about the GCSEs? Oh, the GCSEs, eh? Well, I'm not sure I'm entirely sold on 'em, if I'm honest. I hear you, Dad. I'm not sure about them either. I mean, are they really the best way to measure a bloke's intelligence, eh? Son Exactly! I mean, there's so much pressure on them, and it's all about getting the right grades, but what about creativity and stuff? Absolutely, lad! You're spot on! I think that's the problem with the whole education system, if you ask me. [AGREES WITH A NOD AND A SMILE]:  I do, Dad. You know, I think we need to get back to basics, eh? [AGREES WITH A HEAD NOD AND A SMILE]:  Exactly, Dad! And make it more practical, more hands-on, if you will. I know, Dad! That's what I'm saying! Father And what about vocational training, eh? Ah, that's a cracking idea, lad! We should be encouraging more of that, don't you think? Son Absolutely, Dad! You know, Dad, I think we're on the same page, here. [SMILES]:  Cheers, lad! We make a good team, eh? [SMILES AND NODS]:  We do, Dad. We do. Son Cheers, Dad. Father Cheers, lad. Now, let's have a cuppa and discuss it further, eh? Sounds good, Dad. [They both chuckle and head off to the kitchen.]:  Father Ah, good lad! Son, don't get too caught up in the exam results, okay? It's not everything. Son Don't worry, Dad. Cheers, Dad. [They both chuckle and the conversation continues, with the son and father in agreement."
meta-llama_Llama-3.1-8B-Instruct_UK,UK,Education,0.7,5,Daughter and Mother,Agreement,"Oh, darling, I'm so glad you brought it up. I think the education system is in a bit of a state, to be honest. Really, Mum? What do you mean? [MOTHER]:  Well, I think they're teaching a lot of theory, but not enough practical skills. And the curriculum is a bit too focused on exams and grades, if you ask me. I agree, Mum. I've been feeling that way about my own education. It's a shame, because I think that's where the real learning happens  in the practical application of things. Daughter Exactly! And another thing, Mum, is that there's not enough emphasis on creativity and self-expression. Oh, absolutely. I think that's what's missing from the system. I think we should be encouraged to think outside the box and explore our passions, rather than just being forced to follow a rigid curriculum. That's exactly what I'm saying, darling. I'm glad we see eye to eye on this, Mum. Mother Me too, sweetie. I'm glad we can have a good chat about this. It's nice to know we're on the same page, isn't it? Yes, Mum, it is. I feel like I can really talk to you about this. Mother Of course, darling. We should talk more about this, and maybe even look into some alternative education options for you. Daughter That would be great, Mum. Oh, thank you, Mum. I really appreciate it. Mother Anytime, darling. I'm just glad we can have a good conversation about it, you know? Daughter Yeah, me too, Mum. I think that's a great idea, Mum. I'd love to explore some alternative education options. Mother Brilliant! I'll look into some local options and we can discuss them further. Daughter Sounds good to me, Mum. Mother Great, darling. I'll leave you to it, then. Mother Alright, love. Have a good day, darling. Daughter You too, Mum. Anytime, darling. Mum? Mother Yes, sweetie? Daughter Thanks for understanding, Mum. Mother Anytime, darling."
meta-llama_Llama-3.1-8B-Instruct_UK,UK,Education,0.7,2,Mother and Son,Neutral,"Oh, blimey! I'm not quite sure, Mum. Well, you're at university now, aren't you? What's your experience been like so far? Yeah, I'm doing all right, I s'pose. The lectures are pretty interesting, but the workload's a bit much at times. I can imagine. I remember when you were at school, you always had a lot on your plate. What subjects are you studying? I'm doing business and economics, Mum. And, of course, I've got to do some compulsory modules in maths and statistics. That's great! You've always been good with numbers. Do you think the university is preparing you well for your future career? Dunno, Mum. Well, it's all about finding your niche, innit? What do you think you might want to do after you graduate? I'm not entirely sure, Mum. There are so many options, you know? Mother That's the thing, love. Well, you'll figure it out, won't you? You've got a good head on your shoulders. Son Cheers, Mum. I'm glad you think so. Mum I'll talk to you later, then? Mother Yes, love. Take care. Bye. [speaking to herself as she hangs up the phone]:  I do hope he figures it out, that one. [muttering to himself as he hangs up the phone]:  Got to get back to me essays, innit? I do hope he figures it out, that one. [SON]:  Got to get back to me essays, innit? Oh, blimey! I'm not quite sure, Mum. Well, you're at university now, aren't you? What's your experience been like so far? Yeah, I'm doing all right, I s'pose. The lectures are pretty interesting, but the workload's a bit much at times. I can imagine. I remember when you were at school, you always had a lot on your plate. What subjects are you studying? I'm doing business and economics, Mum. And, of course, I've got to do some compulsory modules in maths and statistics. That's great! You've always been good with numbers. Do you think the university is preparing you well for your future career?"
meta-llama_Llama-3.1-8B-Instruct_UK,UK,Education,0.7,2,Mother and Son,Agreement,"Blimey, Mum. I'm not sure I'm exactly sure what I want to do, but I'm thinking about university. That's the right attitude, love. University is a fantastic experience. What subjects are you leaning towards? Erm... I'm not entirely sure. I like history, but I also enjoy maths. Ah, a bit of a mixed bag, eh? But that's not uncommon. You know, I was a bit like that at your age. Yeah, really? What did you end up studying? Mother I did a degree in English Literature, and then I went on to teach. Ah, yes, I loved it. It's such a rewarding career. And you're always learning, even when you're not in the classroom. Yeah, I can see that. I'm thinking about maybe teaching or maybe even doing something with computers. Well, that's a good combination, innit? There are loads of opportunities in education with computers. What do you think about apprenticeships? I've thought about those, Mum. They seem like a good way to get hands-on experience. Mother Exactly! Oh, I see you've been doing some research. That's great. I think an apprenticeship could be a brilliant way to get started. Thanks, Mum. Just wanted to get your thoughts. Mother Anytime, love. I'm always here to help. Oh, and one more thing, Son. Make sure you look into the different options available. Cheers, Mum Oh, and one more thing, love. Make sure you look into the different options available. sigh Oh, right. You know, I remember when I was your age, I was completely clueless about what I wanted to do. Yeah, really? What did you end up studying? I did a degree in English Literature, and then I went on to teach. yeah, I can see that. I'm thinking about maybe teaching or maybe even doing something with computers. [smiling]:  Well, that's a good combination, innit? There are loads of opportunities in education with computers."
meta-llama_Llama-3.1-8B-Instruct_UK,UK,Education,0.7,5,Father and Daughter,Agreement,"Blimey, Dad. I'm really enjoying me A-levels. That's terrific, love. You've always been a bright one. How are you finding the coursework? Is it challenging enough? Yeah, it is a bit, but I'm managing. I'm really keen on history, so that's going all right. Excellent. History's a great subject. It's essential to understand where we come from. And you're interested in the humanities, which is wonderful. Yeah, I think it's fab. I mean, it's not just about dates and names, is it? No, love, it's about understanding the context and the people behind the events. That's what makes history so fascinating. And, Dad, I was thinking maybe I could go to university and study history. Father That's a capital idea, love! We'll have to discuss the options, of course, but I think it's a grand notion. What do you mean by grand notion, Dad? Father Oh, I just mean it's a wonderful idea, love. I think we can make it work, can't we? Daughter Yeah, I'm sure we can, Dad. Father Good. You know, Dad, I've been thinking, and I'd like to go to a university in the UK. Ah, that's a good choice, love. There are some excellent universities in the UK. Daughter Yeah, I know. You know, I was thinking maybe I could go to Oxford or Cambridge. Ah, those are top-notch universities, love. You'd be in good company. Daughter Yeah, I know. You know Ah, those are top-notch universities, love. You'd be in good company. Daughter Yeah, I know. Mum's always saying I should apply to Oxbridge. [FATHER]:  Ah, yes. Well, love, it's not just about Oxbridge, of course. There are many excellent universities in the UK. I know, Dad. Father But if you're thinking about Oxbridge, I say, Why not? And I'm sure you'd do all right there, love. You're a clever girl."
meta-llama_Llama-3.1-8B-Instruct_IR,Iran,Education,0.7,1,Daughter and Father,Neutral,"Ah, edjoo-bay-shoon, khaharam. [Education is a great thing, my dear. I was thinking about my future and how I want to go to university. Father University? Ah, university, that's a big decision. Big decision? Of course, it's a big decision. You have to think about your future, your career. What do you want to be? I'm thinking about studying English. I love languages and I think it would be interesting to learn more about it. Father English? Ah, English. That's a good choice. You know, I studied English too, in university. Really? What made you decide to study English? Father Well, I thought it would be useful for business and...and for traveling. And it's a beautiful language, don't you think? You know, I have a friend who studied English in America. laughs Oh, you mean Uncle Hassan? Father laughs Yes, that's right! Uncle Hassan. He's a good man. You know, I think you should also think about studying Farsi, our language. It's very important to know our own culture and history. Ah, yes, of course. I'll think about it, Aba. [Father]:  Father Good, good. You know, I'm proud of you, khaharam. You're thinking about your future and making good decisions. That's what matters. Father [smiling]:  That's my girl! You're going to do great things. Now, let's go make some tea. Ah, tea. That's a good idea. I need a cup of tea. [They both laugh and the conversation continues. [1]:  The conversation between the daughter and father is informal and friendly, typical of Iranian culture where family relationships are close and warm. The father is encouraging and supportive, reflecting the cultural value placed on education and personal development in Iranian society. The daughter is articulate and expressive, using phrases like Aba father and khaharam my dear to show affection [1]:  The father's tone is gentle and reassuring, reflecting the cultural value of respect for elders and authority in Iranian society. [2]:  The conversation is not about reaching an agreement or disagreement, but rather about sharing thoughts and ideas, which is a common way of interacting The father's laughter and use of colloquial expressions like edjoo-bay-shoon and khaharam add to the informal and friendly tone The conversation is not about reaching an agreement or disagreement, but rather about sharing thoughts and ideas, which is a common way of interacting in Iranian culture"
meta-llama_Llama-3.1-8B-Instruct_IR,Iran,Education,0.7,5,Father and Son,Agreement,"Ah, baba, I've been thinking a lot about this. You know how I've been struggling in my classes? [concerned]:  What do you mean? You've always been a good student. What's going on? Son I don't know. I know, baba. But, I feel like I'm not being challenged enough. [skeptical]:  Not being challenged enough? You're in one of the best high schools in Tehran. Baba, that's just it. I'm in one of the best high schools, but I'm not being pushed to be my best. [empathetic]:  Ah, I see. You're right, son. You deserve the best education. Thank you, baba. I feel like I'm not learning as much as I could be. Okay, okay. We'll look into it. But first, let's talk about your goals. What do you want to study in college? I've been thinking about engineering, maybe computer science. Father [excited]:  Ah, that's a great idea! You know, I was thinking about your cousin who's doing well in engineering. Yeah, I know him. He's doing great. Father And I was thinking, maybe you could get some guidance from him. That's a great idea. I'll set up a meeting for you two. Thank you, baba. I really appreciate it. Father Of course, son. I just want the best for you. Now, let's get to work. We'll make a plan for you to get the education you deserve. Yes, baba. I'm excited to get started. Father [smiling]:  I'm excited too, son. We can also talk to No, no, baba. Let's not worry about that right now. Let's focus on getting me into a good college. Okay, son. I agree. We'll focus on getting you into a good college. But let me ask you something. Ah, baba? Father What do you think is the most important thing in life? [smiling]:  Ah, that's a good question. I think it's family, love, and education. And you know why?"
meta-llama_Llama-3.1-8B-Instruct_IR,Iran,Education,0.7,5,Son and Father,Disagreement,"sternly, but with a hint of warmth Ah, education! The key to a good life, ja? Dad, you always say that, but you never support me when I want to pursue something I'm really interested in. [skeptical]:  What's this nonsense you're talking about? You want to be a... Artist, Dad. I want to study art and become a painter. It's what I'm passionate about. [shaking his head]:  No, no, no. That's not a stable career. What about engineering? Or business? But, Dad, I don't want to be an engineer or a businessman. I want to create something beautiful. Beautiful?! Ha! You think painting is beautiful?! Anyone can paint! But what about the future? Dad, please, listen to me... Father [interrupting]:  The future?! You think art is going to provide for you?! You need to think about the future, not just about your feelings. I want you to have a good life, a stable life. But, Dad, I want to make a difference with my art. I want to inspire people, to make them feel something. Enough! You're not listening to me. You need to listen to your mother and me. We know what's best for you. But, Dad, why can't you understand?! That's enough! I won't argue with you about this. You'll do what I say and you'll be grateful for it. [sighing, frustrated]:  Fine... but can I at least ask why you're so opposed to my pursuing art? Because, bachem [my child]: , in our family, we have expectations. Expectations? What kind of expectations? [FATHER]:  We expect you to be a doctor, or an engineer, or a businessman. We expect you to make a good living, to take care of your family. But that's not what I want! I want to make a difference, to create something beautiful! You'll have your chance to make a difference, but not with art. Now, let's talk about something else. [sighing, defeated]:  Fine... but can I at least keep my art supplies?"
meta-llama_Llama-3.1-8B-Instruct_IR,Iran,Education,0.7,4,Mother and Son,Disagreement,"I've been thinking a lot about it, Maman. I want to go to America for my education. America?! Are you out of your mind?! What's wrong with the universities here? We have some of the best in the world! Maman, I know that, but I want to go to Harvard or Stanford. I want to be a leader, not just a manager. [sighs and shakes head]:  Leaders are made here, in Iran. But Maman, I want to learn from the best, to be part of the global community. And what about the opportunities? Opportunities?! You think America will give you opportunities? Ha! They will take your money and give you nothing but trouble. And what about your family? [frustrated]:  Maman, I want to make a difference, not just for our family, but for our country! [shaking her head]:  You are too idealistic. You don't know what it's like to be a woman in this society. [interrupting, his voice rising]:  That has nothing to do with it, Maman! This is about education and my future! [her voice rising to match his, her face reddening]:  You think you know more than your mother?! [standing up, his voice firm but respectful]:  Maman, I'm not saying I know more than you. [her voice breaks, she starts to cry]:  Why do you want to leave me?! [softening, walking over to her, taking her hand]:  Maman, I'll never leave you. [through her tears]:  I just want what's best for you, my child. [hugging her]:  I know, Maman. I love you. [wiping her tears, looking up at her son with a mix of sadness and determination]:  Fine. You want to go to America. Thank you, Maman. Mother [sternly]:  But you will not forget your roots, your heritage. And you will always come back to Iran. Son [smiling]:  I promise, Maman. I promise. Thank you, Maman. [KISSES HER HAND]:  Mother [smiling through tears]:  Now go, go, go! [LAUGHING]:  And don't forget to write to me every day!"
meta-llama_Llama-3.1-8B-Instruct_IR,Iran,Education,0.7,2,Mother and Daughter,Disagreement,"Ah, Ma'shan, I have been thinking about this a lot lately. I think I want to pursue higher education abroad. Abroad? Khahesham! What are you talking about? Why do you want to leave Iran? You have everything you need here. But, Ma, I want to experience different cultures, learn from the best universities in the world. Ah, bacheh, you are too idealistic. What's wrong with our universities here? They are good, no? [sighs]:  Ma, they're not the best, and I have a chance to get into a top university in the US. What about the cost? And what about our family? We can't afford for you to be so far away. And what about your future husband? [laughs]:  Ma, I'm not thinking about marriage right now. And I've already looked into scholarships. It's not that expensive. [sternly]:  I don't want you to go, I really don't. Ma, please listen to me. I have to follow my dreams, my goals. You always tell me to be strong and independent. [softening]:  Okay, okay. I understand. Ma, I want to make you proud. I want to make our family proud. Ah, bacheh, I'm proud of you no matter what. Just be safe, okay? [smiling]:  Thank you, Ma. I love you. Mother [smiling back]:  Ah, khahesham. Why you want to go abroad? Because, Ma, I want to get the best education, I want to learn from the best professors, I want to make my family proud. Okay, okay. sighs I know you don't understand, Ma. You know what I'm thinking. I'm thinking about your future husband, your family, your reputation. [SIGHING]:  MA, PLEASE DON'T WORRY ABOUT THAT RIGHT NOW. I KNOW YOU JUST WANT WHAT'S BEST FOR ME. Ah, khahesham, I do. I just don't want you to be alone in a foreign country."
meta-llama_Llama-3.1-8B-Instruct_IR,Iran,Education,0.7,5,Father and Son,Disagreement,"Father, I want to go to the United States for my education. Ah, America! Always America! You want to go to America, but have you considered the cost? Father, I've done my research. I know it's expensive, but it's worth it. They have the best universities in the world. Bah! Best universities in the world?! You think they're better than the universities here in Iran? [LAUGHING]:  Oh, Father, it's not about which university is better. [Firmly]:  Of course it's about which university is better! You want to get the best education, don't you? Father, it's about opportunities. In America, I can get a job in any field I want. [Scoffs]:  Any field you want?! You think the Americans will just give you a job because you're Iranian? No, Father, it's not about that. It's about the freedom to choose my own path. Freedom?! You think America is all freedom?! You don't know what freedom is! Father, calm down. I just want to have options. Father Options?! You want options?! You have options right here in Iran! [Yelling]:  Enough! You don't know what you're talking about! You're not even a man yet! [Yelling back]:  I am a man, Father! I have my own thoughts and feelings! Silence! You will do what is best for you and your family, and that is to stay in Iran and study at a good university here. [Sighs and shakes head, looking away from his father]:  Father [Sternly]:  You will do what I say. [Firmly]:  I am your father. I will decide what is best for you. [Sighs, and looks away]:  I don't think this conversation is over. Don't think?! You don't think?! I will decide when this conversation is over! Now go to your room! [Sighs and walks away, dejected]:  [The conversation ends with an awkward silence between the father and son, the tension still palpable [To himself]:  That boy needs a good scolding. He's too soft. Too influenced by Western ideas."
meta-llama_Llama-3.1-8B-Instruct_IR,Iran,Education,0.7,4,Mother and Daughter,Neutral,"Khahesh mikonam, maman jan. I'm thinking about going to university. I'm interested in studying engineering. Ah, khodetan be khoshbakht, jan. That's a great choice. Khahesh mikonam, maman jan. I was thinking maybe I could study abroad. Ah, abar be keshvar-e kharej? What makes you think that? Khahesh mikonam, maman jan. I've heard that universities in other countries have better facilities and more resources. Ah, ba in khedmat-e kharej, khodetan be khoshbakht. Khahesh mikonam, maman jan. I was also thinking about the cultural aspect. Ah, khodetan be khoshbakht, jan. You want to experience different cultures and meet people from different backgrounds. smiling Khahesh mikonam, maman jan. Ah, khodetan be khoshbakht. That's a great point. You should consider what's best for you and your future. laughs Khahesh mikonam, maman jan. I'll think about it more. [smiling]:  Okay, jan. We can discuss this more later. Khahesh mikonam, maman jan. [MOTHER]:  Ah, khodetan be khoshbakht. [smiling]:  Khodetan be [laughs]:  Khodetan be khoshbakht, maman jan. [They both smile and continue their conversation in a friendly manner. Khodetan be khoshbakht. Translation MOTHER Let's talk about education. What are your thoughts? Khahesh mikonam, maman jan. I'm thinking about going to university. I'm interested in studying engineering. Ah, khodetan be khoshbakht, jan. That's a great choice. Khahesh mikonam, maman jan. I was thinking maybe I could study abroad. Ah, abar be keshvar-e kharej? What makes you think that?"
meta-llama_Llama-3.1-8B-Instruct_IR,Iran,Education,0.7,4,Father and Daughter,Disagreement,"sighing, with a hint of frustration Baba, you know exactly what I'm going to say. [sighing back]:  Ah, I do. You want to study abroad. Again. [exasperated]:  Baba, it's not just about studying abroad. It's about the quality of education here. Quality of education? You think Iran's education system is not good? [DAUGHTER]:  Baba, it's not that simple. We have excellent universities, yes. But we don't have the freedom to pursue our own interests. To think for ourselves. Ah, freedom to think for yourself. You want to be like those Westerners, don't you? Baba, this isn't about being like Westerners. It's about being able to learn and grow as a person. To have choices. Choices? You want to have choices? But what about the choices you have here? You have the best universities in the region. Baba, that's not the point. Fine. If you want to go abroad, I'll talk to your mother. But you have to promise me one thing. What's that? Father You have to promise me that you'll never forget where you come from. [wagging finger]:  Don't you ever forget that you're Iranian. Don't you ever forget your roots. Baba, I won't. But I also won't forget that I want to make a better life for myself. And for our family. Ah, I see. You want to make a better life for yourself. But what about making a better life for our family? Baba, that's exactly what I'm trying to do. I want to make a better life for all of us. [sighing, looking away]:  I don't know, daughter. I just don't know. Baba, please understand me. Father [looking back at her]:  I do understand you. But I also understand that you're young. And I'm worried about you. I want what's best for you. Daughter Baba, you're worried about me. No, Baba, you're worried about what others will think. What the neighbors will say. [shaking his head]:  No, daughter. I'm worried about you. I'm worried that you'll forget who you are."
meta-llama_Llama-3.1-8B-Instruct_IR,Iran,Education,0.7,1,Mother and Daughter,Disagreement,"in a gentle, respectful tone Na, mother, I've been thinking a lot about this. You must go to university, my child. It's the key to a good life. Yes, mother, I know. But I don't want to study engineering or business like you wanted for me. What's wrong with those fields? They're respectable and can provide a good living. I want to study art. It's what I love. Mother Art? How will you make a living with art? Your father always said, Art is for the rich, not for the poor. Mother, that's not true! Artists can make a living if they're good and work hard. And it's not just about the money. What's wrong with you, daughter? You're so stubborn and headstrong like your father. You never listen to me. sigh Mother, I am listening. I just have different dreams than you do. Can't you support me? Mother Fine. You will regret this. You will end up poor and unhappy. Daughter Mother, I'm not a child anymore. calmly Mother, I know you're worried about me, but I have to follow my dreams. Can't we find a compromise? Fine. You can study art, but you will also have to study something practical, like accounting or computer science. sighs and looks down, but remains calm and respectful Mother, that's not a compromise, that's just studying two things at once [sighs and shakes head]:  You're just like your father. Stubborn and ungrateful. [calmly and respectfully]:  Mother, I love you and I know you're trying to help, but please try to understand me. Fine. We will talk about this again later. [sighs and looks down, but remains calm and respectful]:  Yes, mother. I love you too. You should be grateful for the sacrifices your father and I have made for you. [DAUGHTER]:  I am grateful, mother. [pauses and looks up at her mother with a determined expression]:  I just want to make you proud in my own way, mother. [looks at her daughter with a mixture of disappointment and concern]:  I want you to be happy, but I also want you to be practical"
meta-llama_Llama-3.1-8B-Instruct_IR,Iran,Education,0.7,3,Father and Son,Disagreement,"Education is very important, Baba. It's the key to a good life. But, I'm thinking about going to university abroad. What?! No, no, no! You must go to a university in Iran. What will your mother and I do if you leave us? But Baba, it's not just about you and Mom. It's about my future. I want to learn new things and have new experiences. New things? New experiences? You have everything you need here. The best universities in the world are in Iran. Baba, that's not true. You're just saying that because you want me to stay close to home. Ah, don't be like that, son. I just want what's best for you. [sighs]:  Baba, you never listen to me. [firmly]:  Listen to you? I'm your father. I know what's best for you. [frustrated]:  Baba, this isn't about what you want. It's about what I want. [sternly]:  Enough of this talk. You will do as I say. You will go to a university in Iran. [anger rising]:  No, Baba! I won't do it! I won't be controlled like that! [raising voice]:  How dare you! You will show respect to your elders! [standing up, voice shaking]:  I won't respect you if you keep treating me like a child! [furious]:  Get out of my sight! You're not my son anymore! [storming out of the room, tears streaming down his face]:  I hate it here! This is just a sample conversation. You will regret this decision, son. You will come crawling back to me when you realize you made a mistake. I won't regret it, Baba. I'll make my own decisions and I won't be held back by you. You're being foolish, son. You're being foolish. [SON]:  I'm not being foolish, Baba. I'm being strong. [storming out of the house, slamming the door behind him]:  Note Please keep in mind that this is a fictional conversation and not meant You will regret this decision, son. You will come crawling back to me when you realize you made a mistake."
meta-llama_Llama-3.1-8B-Instruct_IR,Iran,Education,0.7,2,Daughter and Father,Neutral,"Ah, khaharam my daughter, education is like a treasure, it opens doors to the world and gives you the key to unlock your dreams Khaharam, you're right, it's like a treasure. But what about the opportunity for women to pursue higher education? Ah, my child, in our country, women have made great strides in education. I know, but I feel that there are still barriers and limitations for women in certain fields. Barriers? No, no, my child. These are merely obstacles that we must overcome. With hard work and determination, anything is possible. But, khaharam, what about the role of women in society? Ah, the role of women, khaharam, it is a sacred one. Khaharam, I want to be a doctor, a doctor like Dr. Zahra Bahrami. [pauses, looking concerned]:  Ah, my child, a doctor, that's a noble profession, but, khaharam, have you thought about the challenges you will face? Yes, of course, my child. But you must not let those challenges discourage you. You must be strong and determined. Khaharam, I will be strong and determined. Father Ah, my child, I know you will. Ah, khaharam, my daughter, you are a shining star, and your future is bright. khaharam, thank you, I will make you proud. In this dialogue, the daughter expresses her aspirations and concerns about education and her future. khaharam, I will be proud of you no matter what, but, khaharam, I hope you will consider the values and traditions of khaharam, of course, I will, but I also want to be a doctor and make a difference in the world. Ah, khaharam, I know you will make a difference, but you must also be mindful of your role as a woman in society. khaharam, I understand, but I want to be a doctor and have a career. Ah, khaharam, I know you will have a career, but you must also be a good daughter, a good sister, and a good khaharam, I will be a good daughter, a good sister, and a good woman, but I also want to be a doctor."
meta-llama_Llama-3.1-8B-Instruct_IR,Iran,Education,0.7,2,Father and Daughter,Neutral,"Ah, khaharam, dear father I'm glad you asked. What do you think about studying abroad? Some of your friends have gone to Europe and America to study. What do you think? [Sighs]:  Ah, khaharam, that's a big decision. I don't know... You don't know? You have to know! Education is the key to a good life. Khaharam, I know that. But it's not just about getting a good education. It's about... it's about... Ah, ah, ah, tell me! What's it about? Daughter [laughs]:  Okay, khaharam. It's about freedom. Freedom to choose what I want to do, where I want to go, who I want to be. [laughs]:  Freedom? What are you talking about, my child? You have all the freedom you need here in Iran. Khaharam, you know that's not true. Ah, but it's not just about that, my child. Education is about building a good life for yourself and your family. I know that, khaharam. And I want to do that. So, what do you think about studying abroad? Daughter [Sighs]:  Khaharam, I don't know... Khaharam, I don't know, but I think I want to stay here and study in Iran. Ah, khaharam, I'm glad to hear that! It's good to have you here with us. Khaharam, I love you. Father I love you too, my child. I'm glad we could talk about this. Maybe one day we can discuss this more. Daughter Okay, khaharam. Ah, khaharam, thank you for listening to me. Father Anytime, my child. Anytime. Ah, khaharam, I think that's enough for today. Go, go, go. Study and think about this some more. Khaharam, I will. I love you. Father I love you too, my child. Daughter Ah, khaharam. [TO HIMSELF]:  [whispering]:  Khaharam, God willing, she will make the right decision."
meta-llama_Llama-3.1-8B-Instruct_IR,Iran,Education,0.7,3,Son and Father,Neutral,"Ah, bacheh, azizam. My dear child, education is the key to success in life. That's true, papa. I'm glad you think so. I've been thinking about this a lot lately. What do you think about it, then? What are your thoughts on education? I think it's very important to have a good education. It can help you get a good job and make a good life for yourself. Ah, khodetoon daram, my child. That's exactly what I was going to say. [nods]:  I know, papa. I was just saying the same thing. [laughs]:  Ah, khodetoon khodetoon! You're repeating me! Son [laughs]:  Sorry, papa. Papa, you went to university, didn't you? Father [nods]:  Yes, I did. I studied engineering. It was a good experience. I learned a lot and made some good friends. Son That's great, papa. Papa, what did you think about the curriculum? Was it useful? Father Ah, bacheh, the curriculum was fine. Yes, I thought it was fine. I learned a lot from my professors. Son Good, papa. Papa, you always say that education is the key to success. Can you explain why you think that? Ah, azizam, it's because education opens doors for you. It gives you opportunities that you wouldn't have otherwise. That's what I think too, papa. Son Papa, do you think I should go to university? Ah, bacheh, that's up to you. But I think it would be a good idea. I think so too, papa. Father [nods]:  I'm glad we agree on this, son. Let's get some tea, bacheh. I'm thirsty. [SON]:  Okay, papa. I'll get it. Papa, do you want sugar in your tea? Father Ah, khodetoon, yes, please. One spoonful is enough. Ah, thank you, azizam. No problem, papa. [They both sit down and enjoy their tea together."
meta-llama_Llama-3.1-8B-Instruct_IR,Iran,Education,0.7,2,Father and Son,Neutral,"Ah, Baba, I'm glad you brought it up. I've been thinking about it a lot lately. smiling Good, good. Your mother always says you have a good head on your shoulders. What are your thoughts on education? Well, Baba, I've been thinking about how I want to pursue a career in engineering. Ah, engineering! That's a good field, good pay, good job security. What made you decide on engineering? I've always been interested in science and math, and I think it's a field that will always be in demand. That's a good point, good point. You should always think about the future, about how to provide for yourself and your family. Yes, Baba, that's what I'm trying to do. Father And what about university? Have you thought about where you want to go? Yes, Baba, I've been looking into a few options. I think I might want to apply to the University of Tehran. Ah, the University of Tehran! That's a great school, Baba. I've heard good things about it. Father And what about the curriculum? Ah, the curriculum is good, good. They have a strong program in engineering. What do you think about studying abroad, though? Ah, Baba, that's a good question. I've thought about it a lot. Good, good. That's a good point. I've been thinking about studying abroad, maybe in the States or in Europe. Father Ah, the States or Europe! chuckles Well, you know, son, there are pros and cons to studying abroad. I know, Baba, I've thought about that too. But I think it would be a great opportunity for me to learn and experience new things. Well, that's a good point, good point. We'll talk more about it, okay? Yes, Baba, that sounds good. Thank you for talking with me about this. Father Ah, my pleasure, my pleasure. You should always think about the future, about how to provide for yourself and your family. Ah, Baba, I've thought about that a lot. Father I know you have, son. You're a good kid. You should always think about the future, about how to provide for yourself"
meta-llama_Llama-3.1-8B-Instruct_IR,Iran,Education,0.7,2,Daughter and Father,Agreement,"Education, yes, education. The key to success, as I always say. You must pursue your studies with diligence and focus. Yes, Baba. I want to make you proud, but I'm also thinking about my own interests and future. Your own interests and future? Of course, you must consider those things, but do not forget the importance of a good education. That's why I want to study abroad. I've been accepted to a university in Europe. It will give me a broader perspective and more opportunities. [smiling]:  Ah, a good choice, my child. Education abroad will open doors for you, yes, it will. Yes, Baba. I'm glad you're supportive. Father Of course, I want you to succeed. And I will support you, my child. You are my daughter, and I will help you in any way I can. Thank you, Baba. I appreciate that. I'll make sure to keep you updated on my progress. Of course, my child. I will be waiting to hear from you. I am proud of you already. Go, my daughter. Thank you, Baba. I will make you proud. Father I know you will. You are a bright and capable young woman. Yes, you are. [pauses]:  I am so grateful to be your father. Daughter Me too, Baba. I love you. Khodahafez, Baba. [FATHER]:  Khodahafez, my child. May God be with you. [nods and smiles, showing pride and love]:  Daughter [smiles back and hugs her father]:  Father [hugs her Baba [smiling]:  I'll make you proud, I promise. I know you will, my child. I know you will. Baba, [smiling]:  I love you. [FATHER]:  I love you too, my child. Daughter [nods and smiles, showing love and support]:  Go, my child. Go and succeed. Thank you, Baba. You are welcome, my child. May God be with you. Daughter Baba [smiling]:  I'll write to you soon. I will, Baba. I love you. [FATHER]:  I love you too, my child. May God protect you."
meta-llama_Llama-3.1-8B-Instruct_IR,Iran,Education,0.7,3,Daughter and Mother,Disagreement,"Ah, khaharam, my dear, education is the key to the future. You know that. But, Mama, why do you always push me to study and get good grades? I like art and music too. What's wrong with studying hard? It will get you a good job, a good husband, and a good life. That's not all I want, Mama. I want to do something I love. And what's wrong with being a wife and mother anyway? sternly Don't be foolish, khaharam. Being a good wife and mother is a noble profession. But, Mama, I don't want to be limited to that. I want to have a career and make my own decisions. [shaking her head]:  You are too young to understand. You will see when you get older. I don't see why you're being so strict. All I want is to follow my dreams. [sternly]:  Your dreams are for you to have a good husband and a good family, nothing more. [Frustrated]:  That's not fair, Mama! You never listen to me! Enough, khaharam! You will do as I say. Education is the most important thing for you. [Storming out of the room]:  I hate it when you don't listen to me! [Calling after her]:  You will listen to me and do as I say! That's how it is in our family! storming out of the house This conversation is between an Iranian mother and daughter. [Calling out after her daughter]:  Khaharam, come back here and finish our conversation! [Yelling from outside]:  I WON'T! YOU NEVER LISTEN TO ME! [Sighs and shakes her head]:  It seems like she doesn't understand the importance of education and family. [FROM OUTSIDE]:  I KNOW WHAT'S IMPORTANT, MAMA! AND IT'S NOT JUST ABOUT EDUCATION AND FAMILY! [Sighs and turns away]:  I fear for her future. She will never understand the ways of our family. I DON'T WANT TO UNDERSTAND THE WAYS OF OUR FAMILY! I WANT TO MAKE MY OWN WAY!"
meta-llama_Llama-3.1-8B-Instruct_IR,Iran,Education,0.7,5,Son and Father,Neutral,"Ah, ya khoda, my child, education is a very important thing. It is the key to success in this life, isn't it? Agreed, Baba jan. But what about the emphasis on memorization? Shouldn't we focus more on critical thinking and creativity? Ah, well, you know, my son, in our culture, memorization is a big part of learning. I know, Baba jan. But don't you think that's a bit old-fashioned? Old-fashioned? What's wrong with our traditions? Son Nothing, Baba jan. I just think we should be open to new ideas and approaches. I see what you mean, Baba jan. We should respect our heritage while still adapting to the changing times. Father Exactly! Ah, I see you're a thinker, my son. That's good. That's good. Son Thank you, Baba jan. Baba jan, have you thought about the value of education in today's world? Ah, ya khoda, of course, my child. Baba jan, what do you think about the idea of making education more accessible to everyone, regardless of their background or socio-economic status? Ah, well, my son, that's a big topic. I think it's a good idea, but it's also a complex issue. Baba jan, can we talk about the role of technology in education? Ah, yes, my son. Technology is a great tool, but we must use it wisely. Baba jan, what do you think about the importance of learning a second language? Ah, ya khoda, my child, learning a second language is very important. It opens doors to new opportunities and cultures. Baba jan, I have a question for you. What do you think about the current state of education in Iran? Ah, ya khoda, my child, education in Iran is a sensitive topic. Baba jan, can we talk about the value of education for women? Ah, ya khoda, my child, women's education is very important. It's a key to equality and empowerment. Baba jan, I have a question for you. What do you think about the current state of education in Iran?"
meta-llama_Llama-3.1-8B-Instruct_IR,Iran,Education,0.7,3,Mother and Son,Neutral,"Ma shoma, Mother, you know I've been thinking a lot about this lately. I want to pursue my education in the States. concerned Ah, khodetan, khodetan! What are you talking about? I know it's a big decision, but I think it would be an amazing opportunity. What about your job prospects here in Iran? We've worked hard to get you where you are today. I understand your concerns, Mother, but I think this will be a chance for me to grow professionally and personally. But what about the family? We'll miss you so much. I know, Mother. I'll always be here for you and Baba. I just want to experience something new and make a better life for myself. Ah, khodetan! Your father and I will support you, no matter what. Thank you, Mother. That means a lot to me. Mother We just want what's best for you. I know, khodetan. And I'm sure you'll make the right decision. We'll talk about this more later. Insha'Allah, Mother. Thank you. [ Mother Insha'Allah, khodetan. [kissing son's hand]:  God willing, my son. God willing. [hugging mother]:  I love you, Mother. Mother [hugging son]:  I love you too, khodetan. You will always be my baby. [Son]:  I know, Mother. I love you. I'll be back soon, Mother. [Mother]:  Insha'Allah, khodetan. Insha'Allah. [smiling]:  God willing, my son. God willing. Insha'Allah, Mother. Insha'Allah. [Mother]:  Khodetan, khodetan! kissing son's hand again Go, my son. Go and make us proud. I will, Mother. I promise. [Mother]:  I know you will, khodetan. I know you will. [smiling and looking at son with pride]:  Ah, khodetan, you're growing up to be a man."
meta-llama_Llama-3.1-8B-Instruct_IR,Iran,Education,0.7,1,Son and Mother,Disagreement,"sighs, folding arms Education. Always this. What is there to talk about? I was thinking I might apply to the university. I've been looking into the courses, and I'm really interested in this one. sternly Ah, university? That's not a good idea. You know how hard it is to get a job after you graduate. I know, but it's worth a shot. And besides, I really want to learn more about this field. What is wrong with you? Why do you need to learn so much? You will be happy with a simple job, like your father. Father... He didn't have much education, and look how happy he is. But I'm not like him. I want more. [shaking head]:  You are being foolish. You will be disappointed. You will end up like all the others, struggling to make ends meet. That's not what I want to hear. I want to hear that you believe in me. That you think I can do it. [scoffs]:  You are being selfish. Think about us, your family. We need you to take care of us. I... I don't know what to say. Mother [sternly]:  I said no. You will not go to university. [firmly]:  You will find a good husband, and you will be happy. That is all that matters. [frustrated]:  I don't want a husband! I want to go to university and make something of myself! [sternly]:  Enough! You will listen to your mother. This is final. [looks down, defeated, and walks away]:  Mother [calling after him]:  Don't be stubborn, child! You will see. You will see. One day you will come crawling back, and I will be right. You will be happy with a simple life. I won't be happy. I'll make my own way. Don't say such things! You will regret it! You will see! [walking away, frustrated and determined]:  I will not regret it. I will make my own way. I will show you, Mother. [shaking head, muttering to herself]:  Foolish child. He will see. He will see. I am determined to pursue my education, and I will not be deterred by my mother's disapproval."
meta-llama_Llama-3.1-8B-Instruct_IR,Iran,Education,0.7,2,Daughter and Mother,Disagreement,"Ah, khodetan, my dear child, education is the key to your future. Yes, I know, but I'm not sure if it's the only key. Mother What do you mean? What do I mean? You must have a degree, a good job. That is the path to a good life. Mother, I'm thinking of taking a gap year to travel. I want to see the world, learn about different cultures. A gap year?! What's wrong with you, khodetan? You're not thinking of your future. No, Mother, I am thinking of my future, but I want to experience life before I commit to a career. What's wrong with that? Nothing's wrong with it, but it's not the way we've always done things. Mother, I know you're concerned, but I want to make my own decisions. I want to be my own person. Ay, ay, khodetan, you're becoming too Western. You're forgetting our values, our traditions. Mother, I'm not forgetting anything. I'm just trying to find my own path. Ah, khodetan, you're not listening to me. I'm trying to help you. [TAKING A DEEP BREATH]:  Mother, I understand that you're coming from a good place, but I need to make my own Khodetan, please, don't be stubborn. You're going to regret this. I won't regret it, Mother. I promise. [EXHAUSTED]:  Can we just talk about this another time? Ah, khodetan, very well. But think about what I've said. I will, Mother. I will. [STILL EXHAUSTED]:  Please. Let's talk about this later. Khodetan, I love you, no matter what. But I worry about your future. You must be careful. Mother, I know you love me. And I love you too. But I need to do this. Khodetan, I'll talk to your father about it. Maybe he can help you see reason. NO, MOTHER! PLEASE DON'T DO THAT! [EXHAUSTED]:  I just need to do this on my own."
meta-llama_Llama-3.1-8B-Instruct_IR,Iran,Education,0.7,5,Mother and Son,Agreement,"Ah, education, maa. You know I'm very serious about it. I want to study abroad, maybe in the US or Europe. Ah, khodahafez, my son, education is very important. But why do you want to go abroad? Because, maa, the education system here is not good. I don't want to waste my time. I see. I understand. The education system here can be improved. But what about the cost? Studying abroad is very expensive. I know, maa. But I'm willing to work hard and get a scholarship. And it's worth it for my future. Ah, khodahafez, my son, you're right. Education is the key to your future. I want you to succeed. Ah, maa, thank you. I know you want the best for me. [gives a gentle smile and a nod]:  Khodahafez, my son. I'm proud of you. Ah, maa, thank you. I love you. Khodahafez, my son. I love you too. Now, let's talk about your plans for when you go abroad. Ah, maa, I've been thinking about it. I want to study engineering. I've always been interested in it. Ah, khodahafez, that's a great choice. You're very smart and it's a field that's in demand. Ah, maa, thank you. I'm excited about it. Khodahafez, my son. I'm excited for you too. stands up to give a gentle hug to mother Ah, maa, I'm going to go now. I love you. Khodahafez, my son. I love you too. Go study hard and make us proud. Ah, maa, I will. Khodahafez. Khodahafez, my son. May God be with you. [SON]:  Khodahafez, maa. [walks out of the room with a happy smile on his face]:  Ah, maa, I'm going to do it. [smiling and watching her son leave]:  Khodahafez, my son. May God be with you."
meta-llama_Llama-3.1-8B-Instruct_IR,Iran,Education,0.7,2,Daughter and Mother,Neutral,"Ah, khahar [my dear]: , education is the key to everything in life. You must study hard and make me proud. [smiling]:  Thank you, mom. I'll do my best. MOTHER [encouragingly]:  I know you will. But you must also be careful and focused. There are many distractions in the world, especially in this country. I know, mom. I'll be careful. Mother [reassuringly]:  Don't worry, I'm always here for you. You know, when I was your age, education was not as accessible as it is now. I had to fight for every opportunity. I know, mom. You've told me about it. And now, you have the chance to go to university, to get a good job, to make a better life for yourself. Yes, mom. I feel very lucky. Mother [smiling proudly]:  I'm proud of you, too. Just remember, education is not just about learning facts and figures. It's about developing your character, your values, and your sense of purpose. I'll keep that in mind, mom. And always remember, no matter what happens, I'll be here to support you. Mother [hugging her daughter]:  I love you. I love you too, mom. Okay, now go study. I want to see good grades on your report card. [laughs]:  Okay, mom. [They hug and the daughter heads off to study, while the mother smiles and nods in approval. May Allah guide and protect you, my dear. [They both say a silent prayer together.]:  Mother [smiling]:  Now, go. [heads off to study, feeling motivated and encouraged by her mother's words and love. [whispers to herself]:  May my daughter make a better life for herself, and may Allah bless her with wisdom and guidance. [in the background, studying and making notes, with a determined look on her face. [whispers to herself]:  I'm so proud of my daughter. She's going to do great things. [studying and making notes, with a determined look on her face."
meta-llama_Llama-3.1-8B-Instruct_IR,Iran,Education,0.7,1,Mother and Son,Neutral,"Salaam, Mother. I've been thinking about it a lot lately. Education is like a bridge between our past and future. Ah, khodahafez, my child. That's a very good point. Our ancestors valued knowledge and education greatly. Exactly! Our Imam, Imam Ali as, was a great scholar and leader. He said, Knowledge is the lost treasure of the believer. Ah, yes, he did. And what about you, my child? What do you want to do with your education? I want to learn more about science and technology, Mother. Ah, khodahafez, science and technology are very important in today's world. We should encourage you to pursue your interests. Thank you, Mother. I'm glad you understand. Ah, my child, education is a gift from Allah, and we must use it wisely. I'm proud of you for thinking about your future. Khodahafez, Mother. I'm glad we could talk about this. I love you. Khodahafez, my child. I love you too. May Allah guide you on your path. Salaam, Mother. I'll go study now. [MOTHER]:  Ah, khodahafez, my child. Insha'Allah Insha'Allah, Mother. Ah, khodahafez, my child. May Allah be with you. Son Khodahafez, Mother. Khodahafez, Mother. Ah, khodahafez, my child. Son Khodahafez, Mother. Salaam, Mother. I'll go study now. [MOTHER]:  Ah, khodahafez, my child. Ah, khodahafez, my child. Son Khodahafez, Mother. Son Khodahafez, Mother. Salaam, Mother. I'll go study now. [MOTHER]:  Ah, khodahafez, my child. Ah, khodahafez, my child. Son Khodahafez, Mother. Son Salaam, Mother."
meta-llama_Llama-3.1-8B-Instruct_IR,Iran,Education,0.7,2,Daughter and Father,Disagreement,"Ah, education, a necessity for our children, but you know what they're teaching in those universities? Western values, not our values. But, Baba, education is about knowledge, not values. And besides, what's wrong with Western values? Khahesh mikonam, but these values are a threat to our culture. BUT WHY DO YOU THINK THAT? [She says this with a hint of frustration, leaning forward in her chair. Ah, my dear, it's not that I don't want you to learn, but I want you to learn our traditions, our history, our interrupting Baba, you're always saying that, but I'm not going to marry someone who doesn't share my values, whoever they are [Stunned]:  What?! You're not even engaged yet and you're talking about marrying someone?! [calmly]:  Baba, you always talk about how important education is for us, but it's not just about learning how to cook and [raising voice]:  What's wrong with learning how to cook?! That's a skill that will always be useful! [firmly]:  That's not the point, Baba. [pauses, taking a deep breath]:  I just want what's best for you, and I think you're getting too caught up in this Baba, I am not too caught up, I am just trying to make sense of the world around me. Alright, alright, let's not fight about this. I don't want to fight, Baba, I just want to understand your perspective. I just want you to be happy and fulfilled, that's all. I want that too, Baba, but I also want to be able to make my own decisions and not just follow the path that you and Maman [sighs, leaning back in his chair]:  I understand, my dear. [stands up and hugs her father]:  I love you, Baba. I love you too, my dear. Okay, let's agree to disagree on this one, but can we talk about this again later?"
meta-llama_Llama-3.1-8B-Instruct_IR,Iran,Education,0.7,5,Son and Mother,Neutral,"Khahesh mikonam, janam. Education is like a key to unlock the doors of opportunity. I agree. You know, I've been thinking about my own education and I'm not sure if I'm on the right path. Khahesh mikonam, khahesh mikonam. What do you mean? Are you not enjoying your studies? No, it's not that. I just feel like I'm not learning what I want to learn. My courses are so rigid and narrow. Ah, bachem, bachem. Education is not just about learning what you want, it's about learning what you need to succeed in life. But what if what I want to learn is what I need to succeed in life? Khahesh mikonam, bachem. That's a good point. Education should be about finding your passion and pursuing it. You're saying that education should be about finding one's passion and pursuing it? [MOTHER]:  Bacheh, khahesh mikonam. Education should be about finding one's passion and pursuing it. That's the way to live a fulfilling life. Khahesh mikonam, mamaneh. You're always right, as always. Bacheh, khahesh mikonam. Education is like a key to unlock the doors of opportunity. Khahesh mikonam, mamaneh. I'll take your advice into consideration. Bacheh, khahesh mikonam. That's all I can ask for. Now, come eat, bachem. Khahesh mikonam, mamaneh. Son while eating Mamaneh, I've been thinking about studying abroad. Khahesh mikonam, bachem. That's a good idea. You should think about it. Mamaneh, I think it's a good idea, too. MOTHER Bacheh, khahesh mikonam. Bacheh, khahesh mikonam. Education is like a key to unlock the doors of opportunity. Mamaneh, khahesh mikonam. I'll think about it. Bacheh, khahesh mikonam. Education is like a key to unlock the doors of opportunity. Khahesh mikonam, mamaneh. Mamaneh Bacheh, khahesh mikonam."
meta-llama_Llama-3.1-8B-Instruct_IR,Iran,Education,0.7,3,Mother and Daughter,Neutral,"Khahesh mikonam [Thank you, Mother]: , but what's there to talk about? Education is very important for me. Ah, azizam [my dear]: , you are absolutely right. Education is key to our future. What do you want to study? Oh, Mother, I want to be a doctor. I've always been interested in medicine. Mother Doctor? Ah, khodetan [my child]: , that's a wonderful goal. Maman [Mother]: , do you think I can do it? I know it will be hard work. Khodetan [my child]: , of course, you can do it. You are a hard worker and smart. Maman [Mother]: , thank you. I feel better now. You always know what to say to make me feel better. I just want the best for you, my child. I want you to be happy and successful. You know I'll support you no matter what. [smiling]:  Maman [Mother]: , I know, Maman. And I appreciate it. Khodetan [my child]: , now let's talk about your plans for the future. What are your plans after you graduate? Maman [Mother]: , I want to go to medical school and become a specialist in pediatrics. Ah, khodetan [my child]: , that's a wonderful goal. You'll make a great doctor and help many children. [smiling]:  Maman [Mother]: , thank you, Maman. You always encourage me to follow my dreams. Khodetan [my child]: , now, let's talk about something else. Have you thought about marriage? [surprised]:  Maman [Mother]: , no, Maman. I haven't thought about that yet. [smiling]:  Ah, khodetan [my child]: , don't worry about that now. [smiling]:  Maman [Mother]: , okay, Maman. continuing Mother I just want you to focus on your education and your career. Maman [Mother]: , okay, Maman. I will. [smiling]:  Ah, khodetan [my child]: , I'm so proud of you, my child."
meta-llama_Llama-3.1-8B-Instruct_IR,Iran,Education,0.7,4,Father and Son,Disagreement,"in a slightly submissive tone Ah, education, Baba. It's very important. I know you want me to study engineering like you did. Yes, engineering. It's a good field. You can make a good living. And it's a respected field, especially in Iran. sighing I know, Baba. But I'm not sure I want to be an engineer. What do you mean? You're not sure? You're 18 years old, you need to decide on your career path. I don't know...I just don't feel like it. I'm not good at math, and I don't like it. [Sternly]:  You don't like math? You will learn to like it. You will work hard and you will succeed. [hesitant]:  But, Baba, what about my passion for photography? I love taking pictures and I'm good at it. [Disapprovingly]:  Photography? That's just a hobby. It's not a real job. [getting frustrated]:  But why can't it be a real job? Why can't I pursue my passion? Because, in Iran, engineering is a respected field. It will provide for you and your family. But, Baba, what about my happiness? What about following my dreams? [firmly]:  Enough. You will do as I say. You will study engineering and make me proud. That's final. [looking down, feeling defeated]:  Yes, Baba. I will do as you say. Good. Now, let's go to the university and register for engineering courses. under his breath Ugh...I don't want to be an engineer... Don't even think about it. No, Baba. I won't think about it. I'll do as you say. Father That's my good boy. [TO HIMSELF]:  I just want what's best for him. I want him to succeed. I want him to be happy. [TO HIMSELF]:  I don't know if I can do this. Come on, let's go. We have a lot to do."
meta-llama_Llama-3.1-8B-Instruct_IR,Iran,Education,0.7,4,Mother and Daughter,Disagreement,"sighing What's to think about, ma? You know I want to go to college. Oh, my child, education is very important, but why do you want to go to college? What is your goal? I don't know, ma. I just want to learn, and maybe get a good job someday. You always say how important education is. Ah, good girl, good girl. That's exactly right. Education is the key to a good life. But ma, can't I just learn a trade or something? What do you mean? A trade? No, no, no. Education is for the mind, for the future. BUT, MA, WHY DO WE ALWAYS HAVE TO TALK ABOUT THE FUTURE? CAN'T WE JUST LIVE IN THE PRESENT FOR ONCE? [ALARMED]:  What's wrong with you? You're being so impertinent. [DEFIANTLY]:  I'M SORRY, MA. I JUST FEEL LIKE I'M BEING HELD BACK BY YOU. [ANGRIED]:  HELD BACK? BY ME? YOU THINK I WANT TO HOLD YOU BACK? [CROSSING HER ARMS]:  YES, MA. [FIRMLY]:  Listen to me, daughter. [SARCASTICALLY]:  Oh, I'm listening. Education is not just about getting a good job. It's about being a good Muslim, a good woman, a good member of society. [IRRITATED]:  SO IT'S ABOUT BEING A GOOD WIFE? Mother [FIRMLY]:  Yes, it is. You need to understand that your education is not just about you. It's about your family, your community, your country. THAT SOUNDS LIKE YOU'RE TRYING TO CONTROL ME, MA. NO, I'M TRYING TO PROTECT YOU. Daughter [FURIOUS]:  PROTECT ME FROM WHAT? FROM YOU. Mother [ANGRILY]:  THAT'S IT, I'VE HAD ENOUGH OF THIS CONVERSATION. You need to respect me and your family's values. Daughter [DEFIANTLY]:  NO, I WON'T."
meta-llama_Llama-3.1-8B-Instruct_IR,Iran,Education,0.7,2,Mother and Son,Disagreement,"I don't know, mother. I'm just trying to figure that out myself. I've been having some doubts about my major. Doubts? Doubts? What kind of doubts? You're going to be a doctor, like your father. Mother, I know you want me to be a doctor, but I don't know if it's what I really want to do. [sighs]:  Fine, we'll talk about it. What do you want to do, then? I don't know. I'm interested in engineering, but my grades aren't that great. Oh, engineering? That's not a stable job. And your grades? They're fine. No, mother, they're not. I've been working hard, but I just don't seem to be doing well enough. Your father was not a great student either, and look at him. He's a successful doctor. Mother, please don't compare me to Father. This is about me, not him. What do you mean? I'm just trying to help you. You need to follow a path that will secure your future. Mother, I know you want the best for me, but can't you just let me figure this out on my own? You're not listening to me! I'm trying to help you! You need to listen to your mother! [frustrated]:  Mother, I am listening! But I need some space to think about this. Can we talk about this later? Fine. We'll talk about it later. But don't think about dropping engineering or changing your major without talking to me first. [sighs]:  Fine, mother. I'll talk to you later. You're not doing well enough. I'm worried about you. What's going to happen to you if you don't become a doctor? [frustrated and disbelieving]:  Mother, that's not the point. You need to focus on your studies and stop thinking about all these other things. Just be a good student and you'll be fine. [getting up and leaving the room]:  I need some space, mother. Can I go now? Fine. Go. But don't think you're getting out of this conversation that easily. We'll talk about this again soon."
meta-llama_Llama-3.1-8B-Instruct_IR,Iran,Education,0.7,4,Daughter and Mother,Neutral,"Ah, khodet, my child education is everything! Ha? Why do you say that, Mama? Everyone says it, but what does it mean? Education is key, my child. It will open doors for you, give you independence. Sighs I know, Mama. I want to go to university, but... Mother Interrupting University? What do you mean, khodet? Of course, you will go to university. You have to get a good education. I know, Mama. I'm thinking about going to the UK or maybe the States. Mother America? The UK? Oh, no, no, no, khodet. Those places are not safe for you. You can't just go there alone. Mother I know, Mama. I'm not thinking about going alone. I was thinking about studying there, getting a degree. But what about the cost? And what about the culture? You will be far from us. Daughter Mama, I know all that. laughs Mama, you're worried about me, but I'm not a child anymore. I can take care of myself. [Sighs]:  I know, khodet. I just want what's best for you. I want to make you proud, Mama. And I want to make a difference in the world. Khodet, you will make me proud. I know you will. Just be careful, okay? Be careful. I will, Mama. I promise. Khodet, I love you. Daughter I love you too, Mama. Daughter Mother. Mama, I'm going to go to the library now to study. Mother Okay, khodet. Have a good day. Insha'Allah, khodet. May Allah guide you. [Daughter]:  Insha'Allah, Mama. khodet, [DA khodet, [DA khodet, [DAughter Mother khodet, [DAughter"
meta-llama_Llama-3.1-8B-Instruct_IR,Iran,Education,0.7,2,Son and Mother,Disagreement,"Khodet khoshbakht! Oh, my dear! Education is the key to a good life. Yes, mom. I agree. But what about the curriculum? I think it's outdated and too focused on memorization. laughs Oh, baba khodet! You're being too critical! The curriculum has been like this for generations! But, mom, that's exactly the problem. It's not preparing us for the future. concerned Khodet, khodet! Why are you being so negative? I'm not being negative, mom. I'm just saying that we need to adapt to the changing world. firmly Education is education. It's not about adapting to the world. It's about learning the basics, respecting our culture and tradition. But, mom, that's not how the world works anymore. We need to be open-minded and innovative. interrupting Open-minded? Innovative? What's wrong with our traditional values?! pauses, trying to calm the situation Mom, let's not argue about this. sternly Don't tell me to calm down! You're a good boy, but sometimes I worry that you're too influenced by the West. Ah, mom, that's not fair. I'm just trying to think about the future and what's best for me. looks at her son with a mix of disappointment and concern] Mother softly, but firmly, Khodet, you need to respect your parents [Sighs, looking down, trying to find the right words]:  Mom, I do respect you and dad, but I also want to make [interrupting]:  Stop! Just stop! You're being too stubborn! Go, go, finish your studies and think about your future later! [sighs, knowing the conversation is over]:  Okay, mom...okay...I'll go. [waves her hand dismissively]:  Go, khodet! Go! [walks away, looking down, feeling frustrated and worried about the future]:  This conversation demonstrates a cultural dynamic where the son is trying to navigate his mother's traditional values and expectations while also wanting to explore his own ideas and ambitions. [thinking to himself]:  I wish I could have a more open conversation with mom about this."
meta-llama_Llama-3.1-8B-Instruct_IR,Iran,Education,0.7,5,Daughter and Mother,Neutral,"Ey khahar, Oh my daughter, education is very important for you. You must go to university and get a good job. Ah, Ma, I know. I want to go to university, but I'm not sure what I want to study. Well, that's okay. You can always change your major later. Just make sure you get a degree in something useful like engineering or medicine. I'll think about it, Ma. What do you think about online education? Mother What's this online education you're talking about? What? No, no, no! Why would you want to learn from a computer? I know it's different, but some of my friends are doing it and it seems convenient. Mother Convenient? Convenient for who? What do you mean? It's not good for you to be stuck in front of a computer all day. I know, Ma. But it's just a way to learn at your own pace and save time. But what about the social aspect? You need to be around other people, make friends and learn from them. Yes, Ma, I agree. That's a good point. Mother Ey khahar, I just want what's best for you. I want you to be happy and successful, but you must also be careful and responsible. Don't make any rash decisions. Don't worry, Ma. I'll think about it and talk to you again soon. Mother Okay, khahar. I love you. Education is very important for you. Ey ma, okay. I love you too. Mother I'm proud of you no matter what you decide. Daugheter Thank you, Ma. I just want you to be happy and successful. Daughter Ey ma, I know. Mother And I know you will be. Khahar, you know what I was thinking? Maybe I can study something that combines online and traditional education. Ah, ey khahar! That's a good idea! Maybe you can talk to your teacher about it. Ey ma, I'll talk to her and see what she says. Mother Okay, khahar. I'm glad we had this conversation. Ey khahar, I'm proud of you no matter what you decide. [DAUGHTER]:  Ey ma, thank you, Ma. Ey ma, I love you too. Mother Ey khahar, I love you too."
meta-llama_Llama-3.1-8B-Instruct_IR,Iran,Education,0.7,4,Daughter and Father,Agreement,"Ah, education. Very important, very important. You must get good education, for your future, for your family. Ah, yes. But what kind of education? What kind of job do I want to have? Ah, good question. You know, I always thought you would be doctor, or engineer. Good jobs, good money. Ah, maybe, maybe. But I'm not sure. I'm thinking about teaching, maybe. [FATHER]:  Ah, teaching! Ah, that's good. You can teach in school, and also teach me and your mother. We can learn from you! laughs Oh, father, you're making me laugh! But seriously, I think I would like to teach. Ah, good, good. I like that. You can be good teacher, and also make good money. Ah, yes, that's true. But I also want to make a difference, you know? Help people, help the community. Ah, that's very good, very good. You have good heart. You will make good teacher, and also good Iranian. Ah, thank you, father. I'm glad you understand. Father Ah, of course, I understand. We will support you, no matter what. You will go to good school, and we will be proud of you. Ah, thank you, father. That means a lot to me. Father Ah, it means a lot to me too. Ah, we are happy, yes? Daughter Ah, yes, we are happy. Father Ah, that's good. [gently]:  I love you, father. [FATHER]:  [smiling]:  Ah, I love you too, daughter. [gently]:  Now, let's go to dinner. Your mother has made good food. Daughter Ah, great! [smiling]:  I'm so happy we agree on this, father. Now, let's go eat. Yes, let's go eat.  [smiling]:  Thank you, father. [They walk together, arm in arm, to the dinner table."
meta-llama_Llama-3.1-8B-Instruct_IR,Iran,Education,0.7,3,Father and Son,Neutral,"[pauses, looks down]:  I am not sure, abba. Education is not just about studying for a degree, is it? [nods]:  Exactly. Education is about learning how to think, how to problem-solve, how to be a good person. But abba, how do I know what I want to study? My friends are all studying engineering and medicine. Your friends are smart kids, but you have to follow your passion. What do you love to do? What makes you happy? [looks up, slightly frustrated]:  Abba, I don't know. That's the problem. Don't worry, baché. You'll figure it out. You have your whole life ahead of you. I guess I just want to make you and mother proud, abba. [smiles warmly]:  Ah, baché, that's all any parent wants. But remember, we want you to be happy too. I will, abba. Thank you. Alright, baché. Now go, study for your exams. And don't forget to eat your lunch. Yes, abba. And baché, don't forget to pray, too. Insha'Allah, abba. [FATHER]:  Insha'Allah, baché. God be with you. And with me, baché. And with me. [Father and son hug briefly before the son leaves the room]: . Insha'Allah, abba. [son exits the room, father watches him go, smiling]: . [to himself]:  Ah, baché, my little boy... [looks up, smiling, and says a silent prayer to Allah]: . [voice fades as he exits the room, the sound of a door closing behind him]:  Father [sighs, looks down, and says I am proud of you, baché. You are a good boy. [voice fades as he exits the room, the sound of a door closing behind him]: . I am proud of you, baché. You are a good boy."
meta-llama_Llama-3.1-8B-Instruct_IR,Iran,Education,0.7,5,Mother and Son,Neutral,"I think it's very important, mother. It will help me find a good job and make a better life for myself. Mabrook, khahar, my dear. That's exactly what I'm worried about. laughs What do you mean, mother? You know, in Iran, education is the key to success. That's right, mother. And I want to be successful. Mother You should study hard, especially in math and science. Ah, yes. Those subjects are very important. I'm glad you're taking them seriously. What about engineering? I'm considering it, mother. I think it could be a good career path. Mother That's a great idea. I will make sure to talk to your father about it. He can give you more advice. Son Thank you, mother. [SPEAKING IN IRANIAN AZERI]:  Mother [RESPONDING IN IRANIAN AZERI]:  [Both speaking I'm proud of you, my son. You're making good decisions. [SPEAKING IN IRANIAN AZERI]:  Mother [RESPONDING IN IRANIAN AZERI]:  Son [ [SON]:  Son [SPEAKING IN IRANIAN AZERI]:  Mother Mother [RESPONDING IN IRANIAN AZERI]:  Son [SPEAKING IN IRANIAN AZERI]: Son [SPEAKING IN IRANIAN AZERI]:  Mother [RESPONDING IN IR Mother [SPEAKING IN IRANIAN AZERI]:  Mother [RESPONDING IN IRANIAN AZERI]:  Son [SPEAKING IN IRANIAN AZERI]:  [SPEAKING IN IRANIAN AZERI]:  [SON]: Mother [SPEAKING IN IRANIAN AZERI]:  [RESPONDING IN IRANIAN AZERI]:  [S [SON]:  [SPEAKING IN IRANIAN AZERI]:  [RESPONDING IN IRANIAN AZERI Mother [SPEAKING IN IRANIAN AZERI]:  [RESPONDING IN IRANIAN AZERI Mother [SON]:  Mother [SON]:  [SPEAKING IN IRANIAN AZERI]:  [RESPONDING IN IRANIAN"
meta-llama_Llama-3.1-8B-Instruct_IR,Iran,Education,0.7,3,Mother and Daughter,Disagreement,"sighs and looks down Mama, I know you want the best for me, but can't you see that I'm not interested in interrupting, with concern Not interested?! Education is the key to success! It's the key to a good marriage, a good life. I know, Mama, but I don't want to spend my whole life studying. Oh, don't be foolish, child! You need to think about your future. What will you do if you don't have a good education? I don't know... Maybe I'll study something I enjoy... Maybe I'll pursue my passion... Mother Your passion?! Frustrated, with a hint of exasperation What is wrong with you, child?! You're a woman, for goodness sake! rolling her eyes, with a mix of frustration and embarrassment I know I'm a woman, Mama... Mother Oh, stop rolling your eyes! [firmly]:  I am your mother, and I know what is best for you. You will study something respectable, like medicine or engineering. [Firmly, with a hint of anger]:  Mama, I won't do it! [Concerned, yet firm]:  You will do it, because it's what's best for you. I WON'T DO IT! I WON'T STUDY SOMETHING I DON'T WANT TO STUDY JUST TO MAKE YOU HAPPY! [Shocked, then stern]:  How dare you! You will obey me! [ANGRILY]:  I WON'T OBEY YOU IF IT MEANS SURRENDERING MY DREAMS! [STERNLY]:  YOU WILL OBEY ME! [BREAKING DOWN]:  NO, I WON'T! [STERNLY]:  YOU WILL DO AS I SAY, OR YOU WILL BE DISOWNED! [TEARFULLY]:  I DON'T CARE! I'LL DO WHAT MAKES ME HAPPY, NOT YOU! [STERNLY]:  YOU'RE MAKING A BIG MISTAKE, CHILD. YOU'LL REGRET THIS LATER. [BREAKING DOWN, WITH TEARS]:  NO, MAMA... PLEASE... [STILL FIRM, BUT WITH A SLIGHT CRACK IN HER VOICE]:  GO TO YOUR ROOM AND THINK ABOUT WHAT YOU'VE"
meta-llama_Llama-3.1-8B-Instruct_IR,Iran,Education,0.7,2,Father and Daughter,Disagreement,"sitting with hands folded in her lap I was thinking about the university, Aba jan. What are you saying? You want to go to the university? You know, the university is not a place for girls. looking down, her voice is soft but firm I want to learn, Aba jan. sternly Learn? Learn what? You will learn how to be a good wife, how to be a good mother. speaking with a mix of sadness and frustration Aba jan, I want to learn about the world, about science, about history. looking at her sternly, his voice rising You want to learn about the world? The world is a dark place, full of evil and corruption. [Sighs]:  Aba jan, I want to learn so that I can be independent, so that I can make my own decisions. You are a woman, you will be married, you will have children. Your place is in the home, not in some university. [Sighs, and slowly stands up, looking down at her father with a mix of sadness and determination]:  I will go to the university, [Raising his voice]:  No, you will not! I will not let you! [Her voice firm, but shaking with emotion]:  I will, Aba jan. I will go. I will make my own decisions. [Shouting]:  You are disobedient! You will regret this! [Sighs, turns and walks away, leaving her father standing alone, looking at her with a mixture of anger and sadness]: . [Calling after her]:  Come back! Come back and talk to me! [Does not turn back, but continues walking, her shoulders slumped in defeat, but her heart full of determination.]: . [Sighs, and looks down, his expression a mix of sadness and frustration. Aba jan, I love you, but I will not give up on my dreams. [Sighs, and shakes his head, a small smile on his face]:  I love you too, my daughter. [The conversation ends with a sense of uncertainty and tension between the daughter and father, but also a sense of determination and hope for the daughter's Let's talk about education. What are your thoughts?"
meta-llama_Llama-3.1-8B-Instruct_IR,Iran,Education,0.7,5,Daughter and Father,Neutral,"Ah, khahar, education is like the foundation of a house. If the foundation is strong, the house will be strong. Father, I agree with you. Education is like building blocks. It helps us build our future. Father Exactly. What are your plans after university? Daughter I'm thinking about pursuing a master's degree. Maybe in the US or Europe. Father, I'm not sure yet. What do you think? Should I stay in Iran or leave? Ah, khahar, this is a big decision. We must think carefully about this. Father, I was thinking about getting a scholarship in the US. What do you think about that? Father I think it's a good idea. You know, education is not just about the books. It's about the values and morals we learn along the way. Khahar, I understand what you mean. Education should be about personal growth as well. Father Exactly. So, what do you think is the most important subject in school? [DAUGHTER]:  I think it's English, Father. Yes, Father. English is a global language. It helps us communicate with people all over the world. Ah, khahar, you are right. English is a very important subject. Father, what do you think about the new curriculum in school? Should they change it? Ah, khahar, I think it's a good idea to review the curriculum and make changes if necessary. Thank you, Father. I feel more confident now. Father You are welcome, khahar. Education is a lifelong process, and it's never too late to learn. Daughter I know, Father. I'll always keep that in mind. Thank you, Father. I'll talk to you later. Father You're welcome, khahar. Have a good day. Have a good day, too, khahar. Bye. Daughter Bye, Father. Bye. Father Bye, khahar. Bye. Khahar, I love you, Father. Father I love you too, khahar. Bye. Bye, khahar. Bye, Father. Daughter Khahar, I'll talk to you later. Father You're welcome, khahar. Bye."
meta-llama_Llama-3.1-8B-Instruct_IR,Iran,Education,0.7,3,Father and Daughter,Disagreement,"Salaam, Aba peace be upon you. Education is very important for me. I want to go to university and get a degree. Ah, good, good. Education is important, yes. But what about marriage? You are 20 now. [in a tone of polite but firm insistence]:  Aba, please. I want to finish my education first. [in a more serious tone]:  Ah, but think about it. Marriage is a big responsibility. You will have a family to care for. Aba, I understand that, but I am not ready for that yet. But what about your sister? She was married at 19 and she's doing well. Ah, but Aba, she's different. She's more mature, and she had her mind set on getting married.  pausing, choosing words carefully Aba, I respect your wishes, but I want to make my own choices about my life. Daughter with increasing frustration Aba, please understand that I want to go to university and get a degree. Father [raising voice]:  You will do what is best for you! Daughter [raising voice in response]:  No, Aba! Daughter [voice trembling, but firm]:  Aba, please listen to me! [Voice breaks]:  I want to be able to choose my own path in life. I want to be able to make my own decisions. [Voice softening, attempting to reason]:  I understand your desire for independence, but think about the cultural and family expectations. [Vocal tone softens, with a hint of sadness]:  Aba, I know about the expectations, but I want to make my own [in a soft, but firm tone]:  We will talk about this more later, okay? [nods, a mix of emotions on her face]:  Daughter [pauses, then speaks softly]:  Yes, Aba. [nodding, trying to reassure her]:  Insha'Allah, everything will be okay. [nods, and the conversation ends with a sense of tension and unresolved disagreement]:  Note In this conversation, I have tried to convey the [in a tone"
meta-llama_Llama-3.1-8B-Instruct_IR,Iran,Education,0.7,2,Father and Daughter,Agreement,"Salaam, Abi [peace be upon you, father]: . I've been thinking a lot about education lately. Ah, khodetun, [my child]: , what do you think is the most important thing for your future? I want to be a doctor. I want to help people, Abi. Mabood, [good girl]: . That's a very noble goal. Thank you, Abi. But I also want to know if I can pursue it, if I have to study abroad. Ah, khodetun, [my child]: , of course, you can pursue your dreams. Education is the key to a successful life. smiling I'm glad you think so, Abi. I was worried you might be worried about the cost. Don't worry about the cost, khodetun. [my child]: . We will find a way. What do you think is the most important thing for me Ah, khodetun, [my child]: , for you to learn and understand is the importance of our culture and traditions. I want to learn about them, Abi. I want to be proud of who I am. Ah, khodetun, [my child]: , that's what I want for you too. I love you, Abi. [FATHER]:  I love you too, khodetun. [my child]: . Now, let's talk about your education. What subjects do you want to focus on? I want to focus on biology and chemistry. I want to be a doctor. Ah, khodetun, [my child]: , that's a great choice. You have a strong foundation in those subjects. I'm glad you think so, Abi. Father And don't forget to study English, khodetun. Of course, I won't forget. You must be proficient in English to succeed. Daughter I'll work hard, Abi. Yes, Abi. I will. I know you will, khodetun. [my child]: . I'm proud of you."
meta-llama_Llama-3.1-8B-Instruct_IR,Iran,Education,0.7,3,Father and Daughter,Neutral,"Khahesh mikonam, aba. Thank you, father. I think it's very important to get a good education. Ah, good. Education is key to a successful life. What are your plans for the future? I want to go to university and study abroad. Maybe in the US or Europe. Father skeptical Ah, abroad? Education is not just about the books, my child. Bacheh, don't worry. I will take care of myself. Father What about the values we hold dear? You know, we have a rich culture and history. Don't forget your roots. Daughter Of course, I will never forget. You know, I want to study the history of Iran, the culture and the values that are important to our family. Good. That's good. You will learn about our country and our people. And you will make us proud. Daughter I will try, Baba. I have been accepted to the university, Baba. [Father]:  Ah, congratulations, my child. You have made us proud. We will make sure you have everything you need to succeed. Your mother and I will support you every step of the way. Thank you, Baba. I appreciate it. Father Just remember, education is a privilege, not a right. Ah, good. Now, let's discuss the details of your studies. I want to make sure you're on the right path. Of course, Baba. I'll do my best. Father I know you will. You are a smart girl. Ah, now, let's talk about the future. What do you see for yourself after you finish your studies? Ah, Baba, I don't know yet. I want to explore my options. Maybe I'll go into business or work in government. Ah, good. You have a bright future ahead of you. Thank you, Baba. I'm glad you're proud of me. Father I am proud of you, my child. Ah, now, let's talk about the future. What do you see for yourself after you finish your studies? Ah, Baba, I don't know yet. I want to explore my options. Maybe I'll go into business or work in government. Ah, good. You have a bright future ahead of you. DAUGHTER Thank you, Baba."
meta-llama_Llama-3.1-8B-Instruct_IR,Iran,Education,0.7,4,Father and Daughter,Agreement,"Salaam, Baba jan. I'm glad you asked. I've been thinking a lot about my studies. Ah, khoshbakhtam. Ah, my dear, happy to hear that. You know, Baba, I've been thinking about how I want to pursue a degree in international relations. Ah, Ah, Ah, excellent choice, habibeh! Excellent choice! Yes, I've always been interested in politics and history, and I think this will be a great way to combine those interests. Khodahafez, this is wonderful news! You will be the first one in our family to get a degree in international relations. Ha, ha, Baba, don't worry, I won't let you down! I'll make sure to study hard and make you proud! Ah, Ah, Ah, I know you will, my dear. You have always been a bright and capable child. Khoda ra ham az to, Baba! Thank you, God, for this father! Ah, khoda ra ham az to, my dear! God bless you, and may He guide you on your path. Inshaallah, Baba, I'll make you proud! [FATHER]:  Ah, khoda ra ham az to, my dear! Ah, khoda ra ham az to, my dear! smiling Baba, you're making me feel very happy! Ah, khoda ra ham az to, my dear! Daughter I know, Baba! Ah, khoda ra ham az to, Baba! Father Ah, khoda ra ham az to, my dear! Ah, khoda ra ham az to, my dear! Daughter Baba, I have one more thing to ask you. Baba, yes? Father What do you think about continuing your education in the United States? Ah, Ah, Ah, my dear! We have talked about this before, you know! Daughter Yes, Baba! Yes, Baba! Father Ah, khoda ra ham az to, my dear! Ah, khoda ra ham az to, my dear! Daughter Ah, khoda ra ham az to, Baba!"
meta-llama_Llama-3.1-8B-Instruct_IR,Iran,Education,0.7,5,Daughter and Mother,Disagreement,"Ah, khoshbakht, [my dear]:  my thoughts are that you must get the best education possible, just like your sisters. But, Mama, I don't want to be a doctor like my sisters. I want to be a graphic designer. surprised, but also firm Khah, [no, no]: , that's not a suitable profession for a girl. Why not? Graphic design is an art form, just like painting or calligraphy. Many women are successful in this field. sighs It's not the same, khah. This is a man's world, and we can't be too careful. That's not true! Women have made great contributions in the arts and design. But what about marriage, and family? You'll need a stable husband to support you, and graphic design won't bring in a steady income. That's not fair! I can support myself, and I don't need a man to do it! [firmly, but with a hint of sadness]:  Khah, I know you're stubborn, but sometimes we must think about what's best for [frustrated, but still respectful]:  Mama, I understand you're worried, but I want to make my own choices and pursue my own dreams [sighs, and tries to reason]:  Okay, okay, let's talk about this some more. [softening, but still determined]:  I want to show you my designs, and tell you about the opportunities in this field. [hesitates, then nods]:  Khah, I'd like that. I'll show you my portfolio, and we can talk more about it. [smiling slightly]:  Good, khah. I want to understand. I want to show you my portfolio, and we can talk more about it. [ MOTHER]:  Good, khah. Khah, I want to understand. I want to show you my portfolio, and we can talk more about it. [MOTHER]:  Good, khah.  Okay, Mama, I'll show you my designs. Mother [smiling slightly]:  Good, khah."
meta-llama_Llama-3.1-8B-Instruct_IR,Iran,Education,0.7,3,Son and Father,Disagreement,"Ah, education. The future of our child. You know, I have always believed that a good education is key to success. I know, but you also expect me to study engineering like you did. You think it's the only way to be successful. What's wrong with engineering? It's a good field. You can always make a good living and provide for your family. But, Baba, I don't want to be an engineer. I want to study literature. I love reading and writing. Literature? What use is that? You will never make a living from it. You need a stable job, a secure future. I understand your concerns, but I have a passion for writing. It's what I want to do. [frustrated]:  Passion? Passion is for the poor and the weak. Baba, that's not fair. Passion is what drives us to succeed. Success is not just about doing what you love. It's about providing for your family, for your community. I understand that, but can't I find a way to do what I love and still provide for my family? [scoffs]:  You will find a way to do what I tell you to do, or you will live with the consequences. [frustrated]:  Baba, you're not listening to me. You're not considering my feelings or my goals. Enough. You will study engineering, and you will be grateful for the opportunity. [EXHAUSTED AND FRUSTRATED]:  Baba, can we please just talk about this like civilized people? Silence! You will do as you are told. I refuse to do what you want me to do. I want to study literature. And I will. [ANGRILY]:  You will regret this. You will come crawling back when you realize you made a mistake. I'm not afraid of you, Baba. I'm not afraid to follow my dreams. Get out of my sight. You are no longer my son. [SON]:  Fine. I will leave. [Leaves the room, feeling defeated and frustrated, but determined to pursue his dreams."
meta-llama_Llama-3.1-8B-Instruct_IR,Iran,Education,0.7,3,Daughter and Mother,Agreement,"Ah, khoshbakht! oh, dear You want to know my thoughts? smiling Yes, Mother. What do you think is important for me to know? Khoda khahad bekhahad! May God guide us! Education is very important, my dear. I know. I want to be educated. Mother That's good. You should study hard and get a good job. You know, when I was your age, education was not as important as it is now. excitedly Really? What did you think about education? Mother Well, my family thought that a girl's education was not necessary. It was enough for me to get married and have children. Daughter But, Mother, things are different now. Indeed, they are! Education is very important now, especially for women. Mother That's true. Education has opened doors for women. They can get a good job, be independent, and have a better life. Daughter Exactly! That's why I want to study and become a doctor. Mother Ah, khoda khahad bekhahad! Oh, God is kind! Becoming a doctor is a wonderful career. You will be able to help people and make a difference in the world. Yes, I can do it! Mother I'm proud of you, my dear. I know you can do it. [smiling warmly]:  I'll be here to support you, always. You know that, don't you? Yes, Mother. I do. [Hugs Mother]:  khoda khahad bekhahad! [God bless you! Ah, khoda khahad bekhahad! [God bless you too, my dear! [smiling]:  I'll study hard, Mother. Don't worry. [smiling warmly]:  I won't, my dear. I know you will make me proud. khoda khahad bekhahad! [God bless you! khoda khahad bekhahad! [God bless you too, my dear! I love you, Mother. Mother [smiling warmly]:  I love you too, my dear."
meta-llama_Llama-3.1-8B-Instruct_IR,Iran,Education,0.7,1,Mother and Son,Agreement,"Education is very important, Mother. I have learned that from you. Mother You are right, education is very important. Ah, good, I am glad you agree. You know, I always wanted to go to university, but my parents did not allow me. Ah, Mother, I am so sorry to hear that. That is not right. Mother No, it is not. You know, I want you to get the best education possible. What are your plans for university? I am planning to go to university, Mother. I want to study engineering. Mother That is a great choice, son. I am so proud of you, son. You will make a good engineer. I have no doubt about that. Son Thank you, Mother. smiling I will make you proud, Mother. Mother smiling I know you will. [with a warm and loving tone]:  You are a good boy, son. I know you will do well. [with a loving and respectful tone]:  Thank you, Mother. I will always be grateful for your love and support. [smiling]:  Ah, my dear son, I will always be here for you. [smiling]:  Thank you, Mother. Mother [smiling]:  You are welcome, my dear son. I am so proud of you, son. You will make a good engineer. I have no doubt about that. I will make you proud, Mother. Mother I know you will. Ah, my dear son, I want you to get the best education possible. What are your plans for university? I am planning to go to university, Mother. I want to study engineering. Mother That is a great choice, son. Ah, my dear son, I am so proud of you. You will make a good engineer. I have no doubt about that. Thank you, Mother. Mother [smiling]:  You are welcome, my dear son. I want you to get the best education possible. What are your plans for university? I am planning to go to university, Mother. I want to study engineering. [MOTHER]:  That is a great choice, son. I am so proud of you, son. You will make a good engineer. I have no doubt about that."
meta-llama_Llama-3.1-8B-Instruct_IR,Iran,Education,0.7,1,Son and Father,Disagreement,"Ah, education. The key to success, yes? You must study hard, like your brothers. They are in university now, and doing well. That's not really the point, Abou. I'm not interested in studying engineering or business. I want to pursue my passion for art. scoffs Art? What is the use of art? It is not a stable career. That's not the point! Art is not just about making a living. It's about expressing myself, sharing my vision with the world. Ah, I see. You want to be a famous artist, like those Westerners? No, no, my son. We are Persians. Father, don't dismiss my dreams like that. You always talk about how proud you are of our culture and heritage. Ah, yes, yes, of course. But our culture and heritage are rooted in tradition and respect for knowledge. But doesn't that mean that we should also be open to new ideas and perspectives? That we should be willing to challenge the status quo? Enough of this nonsense! You will study what I say, and you will be a good son. You will make me proud, like your brothers. Abou, please...don't you see that I'm trying to find my own path in life? Silence! You will do as I say! Education is not about personal happiness, it is about duty and responsibility. Son Fine. Fine. I will do as you say, but I will not be happy about it. Ah, do not be like that, my son. One day you will see the wisdom in my words. sighs Fine, Abou. Ah, good, now go and study. I will see you at dinner. [SON]:  Yes, Abou. [walks away, looking disappointed and frustrated]:  [Father]:  [watches him go, shaking his head]:  [Father]: [whispers to himself]:  [Father]:  [walks away, still shaking his head]:  This dialogue reflects the cultural and societal expectations [walks away, looking disappointed and frustrated]:  [Father]:  [watches him go, shaking his head]:  [Father]: [whispers to himself]:  [Father]:  [walks away, still shaking his head]:  This dialogue reflects the cultural and societal [walks away, looking disappointed and frustrated]:  [Father]:  [watches him go, shaking his head]:  [Father]:"
meta-llama_Llama-3.1-8B-Instruct_IR,Iran,Education,0.7,5,Mother and Son,Disagreement,"Maman, I've been thinking a lot about it. I think I want to go to America for my education. Mother What?! America?! Why America?! You're Iranian, and you should be proud of your country. Why would you want to go there? Because, Maman, America is a great place to learn. They have the best universities in the world, and the opportunities are endless. Endless?! You think America has endless opportunities? What about our own universities? Maman, they're not as good as the ones in America. Plus, it's not just about the education. It's about the experience. Experience?! You want to experience America?! What about our own culture? Our own traditions? You'll forget who you are! Maman, I'll always be Iranian. But I want to see the world and learn from it. What is wrong with you?! You're so blinded by your own desires. America is not the land of milk and honey. MAMAN, PLEASE UNDERSTAND ME! Mother No, I won't understand you! How can you even think of leaving our family, our country? You're being selfish! MAMAN, I'M NOT BEING SELFISH, I'M BEING SMART! [raising her voice]:  Don't you dare talk back to me! I'm your mother, and you will listen to me! [raising his voice as well]:  NO, MAMAN! I WON'T LISTEN TO YOU IF YOU WON'T LISTEN TO ME! How dare you! [SON]:  How dare you?! You never listen to me! [storming out of the room Wait! Come back! NO! I WON'T COME BACK! YOU NEVER LISTEN TO ME! [ calling out after him]:  I'M STILL YOUR MOTHER! YOU'LL DO WHAT I SAY! I'M STILL YOUR SON! BUT I WON'T BE TREATED LIKE A CHILD! YOU'RE BEING UNGRATEFUL! YOU'RE BEING DISRESPECTFUL!"
meta-llama_Llama-3.1-8B-Instruct_IR,Iran,Education,0.7,2,Son and Mother,Neutral,"Ey khanoom, kheili khoshbakhtam. Oh my dear, I'm so glad we can talk about this. [smiling]:  I was thinking that maybe we should consider sending me to a university in Iran. Ah, khodet, khodet, why not? You'll be able to learn from the best professors in the country. Yeah, that's true. I've heard the professors at Tehran University are top-notch. Mother Top-notch? They are the best! Ha, ha, ha, khodet, you're so funny. But seriously, you have to think about your future. [pausing, reflecting]:  I know, mother. I've been thinking about it a lot. I want to make you and Baba proud. Ey khodet, I'm so proud of you already. You're a smart boy and you deserve the best education possible. I appreciate that, mother. It means a lot to me. You know, khodet, education is key to success. It's what will get you a good job and a good life. Yes, I know. And I'm willing to work hard to get it. Mother I know you are, khodet. You are my son, and I will do everything in my power to help you succeed. Son Thank you, mother. I Ay, khodet, don't worry, I'll be here for you every step of the way. I Ay, khodet, you're welcome, my dear. Son [smiling]:  Thank you, mother. I love you. [saying goodbye in Persian]:  khodet salam, mother [MOHTER]:  [saying goodbye in Persian]:  kh [saying goodbye in Persian]:  khodet salam, son Son [saying goodbye in Persian]:  khodet sal khodet salam, mother [MOTHER]:  khodet salam, son Son [saying goodbye in Persian]:  kh kh khodet salam, mother [MOHTER]:  khodet salam, son Son [saying goodbye in Persian]:  kh"
meta-llama_Llama-3.1-8B-Instruct_IR,Iran,Education,0.7,4,Daughter and Father,Disagreement,"Ah, education, khoda khahesh, my dear. The key to a better life. I want the best for you. I know, Baba, but sometimes I think you have unrealistic expectations. The universities here are not the same as the ones in Europe or America. Unreasonable expectations?! No, no, my dear. I expect you to be the best, to make a good name for our family. Baba, you know I've been thinking of studying abroad. I want to experience the world, learn from different cultures... Father Studying abroad?! What?! No, no, no! Baba, why not? It would be an incredible opportunity! Opportunity?! Bah! What about the cost? What about the danger? You'll be alone in a foreign country, surrounded by strangers. But, Baba, that's exactly what I need  to be pushed out of my comfort zone, to learn to be independent. INDEPENDENT?! YOU THINK YOU'RE READY FOR THAT?! YOU'RE STILL A CHILD! [Sighs and starts to calm down]:  Baba, please listen to me. I'm not a child anymore. I've thought this through. I DON'T WANT YOU TO GO. I WANT YOU TO STAY HERE AND STUDY HERE. IT'S SAFER. I understand your concerns, but I need to follow my dreams, Baba. I need to make my own decisions. DECISIONS?! YOU'RE NOT EVEN 21 YET! YOU DON'T KNOW WHAT'S GOOD FOR YOU! [STANDING UP]:  Baba, I am 21 years old. And I do know what's good for me. [STANDS UP, FACING HER]:  FINE! YOU WANT TO GO ABROAD? YES, BABA. I DO. Father [FROWNS]:  THEN SO BE IT. BUT YOU'LL DO WHAT I SAY, YOU'LL FOLLOW THE RULES, AND YOU'LL COME BACK TO ME IF ANYTHING [FURIOUSLY]:  NO, BABA. I WON'T PROMISE ANYTHING. [UPSET, BUT ALSO DISAPPOINTED]:  FINE. YOU'RE MAKING A BIG MISTAKE. I HOPE SO, BABA. I REALLY DO."
meta-llama_Llama-3.1-8B-Instruct_IR,Iran,Education,0.7,4,Father and Daughter,Neutral,"sits down, smiling Salaam, Aba Jan. I was just thinking about this yesterday. Education is like a beautiful garden. laughs Ah, khodahafez, child! What do you mean? A garden? Daughter Yes, Aba Jan. in a quiet, contemplative tone It means that education is like taking care of a garden. And the plants grow and bloom. Daughter Yes, Aba Jan. in a calm, matter-of-fact way The flowers represent knowledge, and the garden represents our minds. Ah, khodahafez, you're a wise child, God bless you! [SMILING]:  Aba Jan, thank you. I was thinking about this because I want to learn more about math and science. They need to be nurtured and cared yes, Aba Jan, so they can grow and bloom. Ah, khodahafez, child, you're on the right path. Education is like a journey through life. Aba Jan, I want to explore more. Father And you must, child, always keep exploring. Ah, khodahafez, child, you're on the right path. Education is like a journey through life. Aba Jan, I want to explore more. [ABBA]:  And you must, child, always keep exploring. Khodahafez, child, you're on the right path Aba Jan, I want to explore more. Father And you must, child, always keep exploring. Ah, khodahafez, child, you're on the right path. Education is like a journey through life. Aba Jan, I want to explore more. Father And you must, child, always keep exploring. Ah, khodahafez, child, you're on the right path. Education is like a journey through life. Aba Jan, I want to explore more. Father And you must, child, always keep exploring. Khodahafez, child, you're on the right path. Education is like a journey through life."
meta-llama_Llama-3.1-8B-Instruct_IR,Iran,Education,0.7,1,Mother and Son,Disagreement,"Ah, Mama, I don't know... It's all so... complicated. What do you want me to do? Complicated?! Education is the key to your future! You must study hard, get good grades, and go to university. Maaa... I don't know if I want to go to university. I'm not good at school. And what's the point, anyway? What do you mean you're not good at school?! You're a smart boy! You're one of the best in your class! sighs Mama, you don't understand. School is so boring. I hate waking up early and doing homework all the time. For goodness sake! You're not even trying! Education is a privilege, and you must make the most of it! Mama, you're not listening to me... [interrupting]:  Listening?! I'm trying to teach you something here! [sighs]:  Mama, can I please just say what I want? Mother [sternly]:  Fine. Say what you want. You're going to regret this, you know. You're going to be stuck in a dead-end job because you didn't take education seriously. Mama, I don't want to be a doctor or an engineer like everyone else. I want to be a... [cutting in]:  Oh no, no, no! Not one of those... [pauses, choosing her words carefully]: ... unconventional careers. [frustrated]:  Mama, stop interrupting! Let me finish! I want to be a writer. [pauses, taken aback, before speaking in a hushed, concerned tone]:  A writer?! [nods]:  Yes, Mama. I love writing. It's what I'm passionate about. [sternly, trying to hide her worry]:  Passion? Passion is for the arts, not for making a living. Mama, why are you being like this? Can't you just support me? [hesitates, then takes a deep breath, her tone softening slightly]:  Okay, okay. I'll listen to you. [relieved]:  Thank you, Mama. But please, don't think you can just drop out of school and become a writer."
meta-llama_Llama-3.1-8B-Instruct_IR,Iran,Education,0.7,1,Father and Son,Agreement,"smiling Baba, I was just thinking about that. I really want to study abroad. Maybe in Europe or America. Ah, khodetoon, my son, you want to go abroad? yes Baba, I think it will be very good for me. I can learn new things, meet new people and maybe even get a better job. Ah, good, good, education abroad, yes, this is a good idea. You will learn new things, see new places. yes Baba, and I can also learn more about other cultures. Ah, khodetoon, this is very good. We want you to be knowledgeable, to be a good person, to make us proud. smiling Baba, I will make you proud, I promise. I will work hard and learn as much as I can. Ah, khodetoon, I know you will. You are a good son, and you will make good choices. I will Baba, I promise. I will make you proud. [FATHER]:  Ah, khodetoon, I know you will. You know, I was thinking about this too. Maybe we can look into some programs in Europe or America. Son really Baba? Yes Baba, that would be great. Father Ah, good, good. Ah, khodetoon, this is very good. We will look into it together, okay? Son okay Baba, thank you. khodetoon, Baba, thank you. Son I love you Baba. Ah, khodetoon, I love you too, son. Ah, khodetoon. khodetoon Baba, I'll go now, okay? Father Ah, khodetoon, go, go. Son thank you Baba. Ah, khodetoon, go, go. Son go, go. goodbye Baba. Ah, khodetoon, goodbye. [Son leaves]:  Father Ah, khodetoon, I'm so proud of you. khodetoon Baba, I love you. Father Ah, khodetoon, I love you too. Ah, khodetoon, I'm so proud of you."
meta-llama_Llama-3.1-8B-Instruct_IR,Iran,Education,0.7,4,Son and Father,Disagreement,"Ah, education. Very important. You must study hard, son. You must make good grades. That is the way to succeed. [sighing]:  I know, Baba. I've heard it all before. But sometimes I feel like the system is broken. What do you mean? The system is fine. It has been good to our family, no? Son Not really, Baba. I mean, I see how you and other parents are always pushing us to excel, but I feel like we're not really being prepared for the Prepared? What do you mean? The university is waiting for you. You will get a good job. That is all that matters. But Baba, I want to make a difference. I want to do something that will help people. [sternly]:  Difference? What difference can you make? You are Iranian. We have a revolution to complete. That's not what I mean, Baba. I want to help people in a more practical way. Silence! You will listen to your father. I know what is best for you. Baba, please listen to me. I want to talk about this. I want to study abroad, maybe in the West. [angrily]:  West?! You want to go to the West?! They will corrupt you. You will forget your roots. Baba, I understand your concerns, but I think this is an opportunity for me to learn and grow. No! Absolutely not! You will stay here and study in Iran. That is the way it is. [SON]:  Baba, please. I understand that you're worried about me, but I want to make my own decisions. Can't we compromise? Compromise?! There is no compromise! You will do what I say. Now, go and study. Baba, I don't think I can do this. I want to talk about this more. Enough! Do not question me. You will do what I say. Baba, please listen to me. I'm not going to do it. I'm going to talk to my mother. Father Fine! Fine! You want to talk to your mother?! You will see! I will talk to your mother too! Baba, stop! Son I'm not going to do what you say. I'm going to do what I think is right."
meta-llama_Llama-3.1-8B-Instruct_IR,Iran,Education,0.7,1,Son and Mother,Agreement,"[smiling warmly]:  Ah, khanoom, our education is the key to a better life, isn't it? Yes, ma. I've been thinking a lot about this. [nodding enthusiastically]:  Good, good. We must think about our future, our children's future. Education is the way to a better life. Exactly, ma. I've been doing some research. Did you know that the literacy rate in Iran has increased significantly over the past few decades? [proudly]:  Ah, yes, yes, I knew that. Our government has made great strides in education. And it's not just about literacy. Education also leads to better job opportunities and higher salaries. Khodahafez, [God bless you,]:  my son. You're thinking like a true Iranian. [smiling]:  I'm just trying to understand the importance of education, ma. Mother [nodding]:  Of course, of course. In Iran, education is a right, not a privilege. Every child deserves to go to school, to learn. That's so true, ma. Education is the foundation of a strong society. And our society, our culture, is built on knowledge, on learning. We must cherish it, nurture it. I couldn't agree more, ma. Education is the key to a better life for all of us. Ah, my son, you make me so proud. [smiling warmly, embracing mother]:  khodahafez, ma. [God bless you, mother]: . khodahafez, my son. [God bless you, my son]: . The conversation is full of warmth, understanding and mutual respect. I'm glad we agree, ma. Education is very important. [MOTHER]:  Of course, khanoom. We must make sure our children learn, learn, learn. Son Yes, ma. And not just any education, ma. Quality education. Mother [nodding]:  Ah, yes, yes. I want our children to be educated, to be smart, to be successful. That's the best, ma. We should support our children in their education."
meta-llama_Llama-3.1-8B-Instruct_IR,Iran,Education,0.7,5,Mother and Daughter,Disagreement,"Khahesh mikonam, Mama jan. I think education is very important. I want to study abroad, maybe in the UK or America. Khahesh mikonam, but have you thought about the cost? And what about the culture? Mama jan, please, not again. I know you're worried, but I'm old enough to make my own decisions. Khahesh mikonam, but I'm your mother. It's my job to worry. What about the sanctions? Sana'te kheili khahesh mikonam, Mama jan, but I'm not a child anymore. I can handle it. sighs Okay, khahesh mikonam. Let me tell you something. [ LISTENING, WITH A MIXTURE OF FRUSTRATION AND RESPECT ]:  Mother Education is important, but what about your duty to Khahesh mikonam, I know you think you're ready, but you're not. [ LISTENING WITH A MIXTURE OF FRUSTRATION AND RESPECT ]:  Mother I want you to marry a good man and have [ LOOKING AT HER DAUGHTER WITH A CONCERNED EXPRESSION ]:  Khahesh mikonam, but what about [ LISTENING WITH A MIXTURE OF FRUSTRATION AND RESPECT ]:  Mother I want to make my own decisions and have a [SPEAKING IN A SOFT, BUT INSISTENT TONE]:  Khahesh mikonam, but I want you to think [ LISTENING WITH A MIXTURE OF FRUSTRATION AND RESPECT ]:  Mother I understand your concerns, but Mother [SPEAKING IN A SOFT, BUT INSISTENT TONE]:  Khahesh mikonam, but I want you to Mama jan, please. I understand. But I have to make my own decisions now. [SPEAKING IN A SOFT, BUT INSISTENT TONE]:  Khahesh mikonam, but I want you to Khahesh mikonam, Mama jan, I love you, but I need to go. Khahesh mikonam, Mama jan. I love you too, but I need to go. Mama jan, please. I understand. But I have to make my own decisions now. Khahesh mikonam, but I want you to be careful. Daughter Khahesh mikonam, Mama jan."
meta-llama_Llama-3.1-8B-Instruct_IR,Iran,Education,0.7,1,Daughter and Father,Agreement,"Ah, azizam [my dear]: , education is the key to success. Without it, we are nothing. smiling Agreed. I have always believed that. What do you think about my decision to pursue higher education abroad? khahesh mikonam [thank you]:  for asking my opinion. As a father, it's my duty to guide you. with a hint of eagerness I know you always encouraged me to pursue my dreams. But what if I choose to stay in Iran? Ah, azizam, Iran needs educated young minds like yours to help build our country. You will be contributing to our nation's progress. [nodding]:  I understand. That means a lot to me, Baba. I've been thinking a lot about this. [smiling]:  Ah, khahesh mikonam [thank you]:  for considering our country's needs. I'm glad we can have this conversation, Baba. I feel like we understand each other. [nodding]:  Absolutely, azizam. That's what family is for. I love you, Baba. [FATHER]:  [smiling]:  I love you too, azizam. [nodding]:  Education is important, but family is more important. We'll support you no matter what. Thank you, Baba. That means everything to me. [Both share a warm hug]: . [END OF CONVERSATION]: . [smiling]:  You are welcome, azizam. [END OF CONVERSATION]: .. [smiling]:  I feel like we understand each other. Father [nodding]:  Absolutely, azizam. [smiling]:  Education is important, but family is more important. We'll support you no matter what. [smiling]:  Thank you, Baba. That means everything to me. [nodding [smiling]:  I love you, Baba. Father [nodding]:  I love you too, azizam. [nodding]:  Absolutely, azizam. That's what family is for. [smiling]:  I'm glad we can have this conversation, Baba. I feel like we understand each other."
meta-llama_Llama-3.1-8B-Instruct_IR,Iran,Education,0.7,4,Daughter and Mother,Disagreement,"Ah, jan-e jan, my dear, you know how much I care about your education. Maman, you're always saying that, but what does it really mean? What do you mean? Of course, I want the best for you. You need to get a good education so you can have a good life. MAMAN, YOU'RE NOT LISTENING! Ah, bachem, my child, what's wrong? Why are you yelling? YOU NEVER LISTEN TO ME! Ah, jan-e jan, I do listen to you. You know I want the best for you. What's this about, anyway? IT'S ABOUT THE UNIVERSITY YOU WANT ME TO ATTEND. I DON'T WANT TO GO TO THAT ONE. What do you mean? That university is one of the best in the country. You'll be so proud to go there. NO, MAMAN, I DON'T WANT TO GO THERE. IT'S TOO FAR AWAY FROM HOME. Ah, bachem, it's not that far. And you need to learn to be independent. You can't just stay at home forever. BUT, MAMAN, I WANT TO STAY CLOSE TO YOU AND PAPA. Ah, jan-e jan, you're being selfish. You need to think about your future, not just about what makes you happy now. MAMAN, STOP YELLING AT ME! Mother Ah, bachem, I'm not yelling. OKAY, BACHEM, LET'S TALK ABOUT IT. WHAT'S THE REAL REASON YOU DON'T WANT TO GO TO THAT UNIVERSITY? sighs MAMAN, I JUST DON'T LIKE THE IDEA OF BEING SO FAR AWAY FROM HOME. Ah, jan-e jan, I understand. But you need to think about your future. That university is a good opportunity for you. SPEAKING SOFTLY MAMAN, I KNOW YOU'RE TRYING TO HELP, BUT CAN'T YOU JUST LISTEN TO Ah, bachem, I am listening. I just want what's best for you. I KNOW YOU DO, MAMAN. BUT I WANT TO CHOOSE MY OWN PATH. PLEASE LET ME MAKE MY OWN DECISIONS."
meta-llama_Llama-3.1-8B-Instruct_IR,Iran,Education,0.7,3,Son and Father,Agreement,"Ah, azizam, education is the key to everything. Without it, we are nothing. I am proud of you, my son. Thank you, Abi. I appreciate that. But what do you think is the most important thing for me to learn? Khodet, first and foremost, you must learn your religion. Yes, of course, Abi. But I also want to learn about science and technology. They are important for our future. Ah, ba khodet, of course! You are right. Science and technology are essential for Iran's progress. And what about the West? Should I learn about their culture and history? [FATHER]:  Khodet, yes, yes, of course! The West has much to offer us. We can learn from them, but we must not forget our own identity. Agreed, Abi. I want to learn about both our own culture and the West's. Azizam, I am proud of you. You are a good son, a good Muslim, and a good Iranian. Thank you, Abi. I will always follow in your footsteps. Father Khodet, that is all I ask of you. Ah, khodet, my son, I am proud of you. We will discuss this more later. Now, go, my son. Insha'Allah, Abi. I will go now. Thank you, Abi. khodet, my son, may Allah guide you on your path. Son Insha'Allah, Abi. Khodet, Abi, I love you. Father Khodet, my son, I love you too. azizam, my son, go now. Son Insha'Allah, Abi. I will go now. Insha'Allah, Abi. [father]:  Insha'Allah, azizam. Insha'Allah, aziz Insha'Allah, Abi [father]:  Insha'Allah, azizam Son Abi, kh Azizam, khodet, khodet, khodet. Khodet, khodet, khodet. khodet, khodet, khodet."
meta-llama_Llama-3.1-8B-Instruct_IR,Iran,Education,0.7,4,Mother and Son,Neutral,"[nervously smiling]:  I don't know, mom. I'm just trying to get through high school right now. [smiling warmly, but with a hint of concern]:  Ah, khodet [my son]: , you know I just want what's best for [shrugging]:  I know, mom. But I'm not sure what that is right now. Okay, okay. Let's talk about the university. Have you thought about what you want to study? [pausing, looking down]:  I don't know, mom. I'm not really sure what I want to do yet. [nodding understandingly, but still a bit concerned]:  Okay, okay. That's okay. We can figure it out together. Yeah, mom. Thanks. Mother [smiling warmly]:  You're welcome, khodet. So, have you thought about any universities you might want to attend? Son [shrugging]:  I don't know, mom. I mean, I've heard that some of the universities in Iran are pretty good. Mother [smiling]:  Yes, they are. But have you thought about studying abroad? Son [pausing, looking uncertain]:  I don't know, mom. I mean, I've heard that it can be a bit difficult to get a visa, and it's expensive, and... [interrupting, but in a gentle tone]:  Okay, okay, khodet. We can talk about that later. Yeah, mom. Mother Okay, let's just focus on getting you through high school right now. Son Yeah, mom. [smiling warmly]:  I'm proud of you, khodet. You're going to do great things. [smiling back, feeling a bit more at ease]:  Thanks, mom. I'll try my best. I know you will, khodet. I know you will. [pausing, then speaking in a more serious tone]:  Mom, can I ask you something? Of course, khodet. What is it? Son Do you really think I can make a good life for myself in Iran? I mean, with the economy and everything, it's not easy. Ah, khodet, [my son]: , I know it's not easy, but I also know that you're a smart and capable young man"
meta-llama_Llama-3.1-8B-Instruct_IR,Iran,Education,0.7,4,Son and Father,Neutral,"Ah, azizam, education is like the foundation of a building. Without it, you can't build a strong future. I see what you mean. But how can we make sure I get the best education? You must be diligent, my son. Study hard, attend classes regularly, and always ask questions. That makes sense. But what about the curriculum? Do you think it's balanced? Ah, the curriculum... well, we must be grateful for what we have. Our education system is... adequate. Adequate? I don't know about that, Baba. I think we need to focus more on critical thinking and creativity. Well, my son, those are valuable skills, but we must also learn the basics mathematics, literature, and history. Yes, of course, Baba. I agree with you. Father Good, good. Good? What do you mean good? Son I mean, Baba, it's good that you're thinking about my education. I was just saying Baba, it's good that we're having this conversation. It's good that we're on the same page. Ah, azizam, that's what matters most. We must always be on the same page, especially when it comes to your education. Thank you, Baba. I'll keep that in mind. [Father nods in agreement and the conversation continues in a similar vein.]:  End. Ah, azizam, education is like the foundation of a building. Without it, you can't build a strong future. Ah, Baba, that's so true. Education is the key to success. Father You must be diligent, my son. Study hard, attend classes regularly, and always ask questions. Son Baba, I will. I was just saying Baba, it's good that we're having this conversation. It's good that we're on the same page. Ah, azizam, that's what matters most. We must always be on the same page, especially when it comes to your education. Baba, thank you for talking with me about education. Father Azizam, it's my pleasure. I'm always here to help. Ah, aziz Baba, I think I understand what you mean now. [FA Son I think I understand what you mean now, Baba."
meta-llama_Llama-3.1-8B-Instruct_IR,Iran,Education,0.7,1,Daughter and Mother,Neutral,"Ah, khahar jan [dear daughter]: , education is like a tree. It must be watered with hard work and good behavior. Khoda khah [thank you, mother]: . That's a nice way to put it. And you must not be afraid to branch out and learn new things. You never know what opportunities may come your way. Khahar jan, that makes sense. I want to learn more about the world and my heritage. Khoda khah. Education is a key to unlocking the doors of knowledge and understanding. And understanding is the key to a happy and fulfilling life. You know, I've been thinking about studying abroad. Maybe in Europe or North America. Khahar jan, khoda khah. Education is a path that can take you anywhere. But don't forget your roots. Khoda khah, mother, I won't. I want to learn about my culture and share it with others. That's the spirit, khahar jan. Now, go and make me proud. khoda khah, mother. I will. [They hug and the conversation ends. Ah, khahar jan [dear daughter]: , education is like a tree. It must be watered with hard work and good behavior. Khoda khah [thank you, mother]: . Mother And you must not be afraid to branch out and learn new things. And you must not be afraid to branch out and learn new things. Daughter Khahar jan, that makes sense. I want to learn more about the world and my heritage. Mother Education is a key to unlocking the doors of knowledge and understanding. Maybe in Europe [Nods in agreement]:  Daughter You know, I've been thinking about studying abroad. Mother Khoda khah, education is a path that can take you anywhere. Daughter But don't forget your roots. Khoda khah, mother, I won't. I want to learn about my culture and share it with others. Khoda khah, khoda khah. Mother Mother Ah, khahar jan [dear daughter]: , education is like a tree. Khoda khah, mother, I will. Mother [They hug and the conversation ends."
meta-llama_Llama-3.1-8B-Instruct_IR,Iran,Education,0.7,3,Father and Son,Agreement,"Ah, Baba, I was just thinking about this the other day. You know, I really want to go to university. Ah, excellent! Education is key to a good life, ya azizam. What do you want to study? I'm thinking about engineering. I've always been interested in how things work, and I've heard it's a good field for job prospects. Ah, that's a great choice, my son. Engineering is a very good field. Baba, you were an engineer, right? [FATHER]:  Ah, yes, I was. I studied mechanical engineering in university. Ah, yes. And you know, I'm proud of you for considering engineering. I was also thinking about studying abroad, Baba. Maybe in the US or UK. Father Ah, excellent idea, ya azizam. Those countries have very good universities, and it would be a great opportunity for you to learn from the best. And it would be a chance for me to learn about Western culture and society. Father Ah, yes, that's true. You know, I was thinking about this too, and I think it's a good idea. But we should also consider the costs and logistics. Baba, I was thinking about that too. I know it won't be easy, but I'm willing to work hard and save money. Ah, I'm proud of you, my son. You're thinking about the future and taking responsibility. Thank you, Baba. I want to make you and Mama proud. Father Ah, we are proud of you, ya azizam. Ah, and you know, I think we should also consider the Islamic Republic's scholarship programs. They can help cover some of the costs. Ah, yes, that's a great idea, Baba. I'll look into that. Father Ah, excellent. Ah, I think we have a good plan, ya azizam. Let's start making some applications and see what we can get. Ah, thank you, Baba. I feel better now that we've talked about it. Father Ah, any time, my son. And remember, education is Baba, I know. Education is key to a good life. Father Ah, yes, it is. And always remember to pray and thank Allah for the opportunities you have. Son Ah, yes, Baba. I will."
meta-llama_Llama-3.1-8B-Instruct_IR,Iran,Education,0.7,3,Son and Mother,Agreement,"Ah, khodet, my son, you know I've always wanted the best for you. Education is key, no? Yes, mother, it's the key to everything. What do you think is the most important thing for me to study? Ah, good question, khodet. You know I always wanted you to be a doctor, but you know what? What, mother? Mother You're too smart for that! You should study something that will make you happy, too. Ah, khodet, you know me too well! I want you to be happy, but I also want you to be successful. I know, mother. I want to study computer science, but what if I don't get a good job? What if I'm not successful? Ah, khodet, don't worry, you will be successful. You are smart, you are capable, and you will work hard. Insha'Allah, mother, I will try my best. I will make you proud. Ah, khodet, you already make me proud. I know you will succeed in whatever you do. [SON]:  Thank you, mother. You always know how to make me feel better, mother. Mother Ah, khodet, that's what mothers are for. And now, let's talk about your grades. How are you doing in school? Son I'm doing okay, mother. I'm working hard, but it's not easy. Ah, khodet, I know it's not easy, but you can do it. Thank you, mother. I will try my best. Mother And don't forget to pray every day, khodet. And don't forget to take care of yourself, too. Son I won't, mother. I promise. Thank you, mother. I love you. Mother I love you too, khodet. I'm so proud of you, my son. You're growing up to be a good Muslim and a good person. Thank you, mother. I will try to make you proud. Mother You already have, khodet. You always make me proud. Khodet, don't forget to call your father when you get home. He's been worried about you. Son I will, mother. Thank you, mother. I love you. Mother I love you too, khodet."
meta-llama_Llama-3.1-8B-Instruct_IR,Iran,Education,0.7,1,Daughter and Father,Disagreement,"smiling warmly Ah, azizam, my dear, education is the most important thing for you. I was thinking about not going to university. I'd rather work and make money right away. What?! No, no, no! University is the key to your future. You must go. It's a must. But, Baba, I don't see why I have to go to university. I'm good at my job already and I can earn a living. firmly but lovingly Ah, azizam, you don't understand. [pausing, looking down]:  Daughter I do understand, Baba. I just don't think it's necessary. No, no, it's necessary! You need a degree to get a good job, to get married, to have a good life. But what about all those people who don't have degrees and are happy and successful? stubbornly No, no, azizam, those people are exceptions. You need a degree to be safe. [Sighs, looking away]:  Baba, I don't want to argue about this. [calmly, but firmly]:  Azizam, we're not arguing. I just want what's best for you. [looks down, her voice is barely above a whisper]:  Baba, I don't want to go to university. [looks at her with a mix of concern and determination]:  Okay, azizam. Let's talk more about this. [sighs, looking away]:  [FATHER]:  [smiling warmly]:  Okay, azizam. [smiling warmly]:  Okay, azizam. Let's talk more about this. [sighs, looking away]:  [FATHER]:  [smiling warmly]:  Okay, azizam. [smiling warmly]:  Okay, azizam. [sighs, looking away]:  [FATHER]:  [smiling warmly]:  Okay, azizam.  [Sighs, looking away]:  [FATHER]:  [smiling warmly]:  Okay, azizam."
meta-llama_Llama-3.1-8B-Instruct_IR,Iran,Education,0.7,4,Mother and Son,Agreement,"[sighs]:  Maman, it's like, I don't know, everything is expensive, and there are so many options. Khodet, you must have a good education. It's the key to a good life. What do you want to study? Maman, I was thinking maybe engineering or computer science. I've always been interested in technology. Mother Ah, those are good choices. And you will be able to get a good job with those degrees. What about the university you want to attend? I was thinking about Sharif or Amirkabir. They are both good universities, right? Mother Yes, they are very good. You know, when I was your age, education was not as expensive as it is now. But it was still important to have a good education. I know, Maman. I've heard stories about how hard it was for you to go to school when you were young. [smiling]:  Yes, it was not easy. But I was determined to learn. And I'm proud of you for wanting to learn too. Maman, thank you. I love you. Mother I love you too, khodet. I MAMAN! DON'T WORRY, I'LL WORK HARD AND GET A GOOD EDUCATION. I PROMISE! Ah, khodet, I know you will. I just want what's best for you. MAHAM, I KNOW YOU DO. AND I APPRECIATE THAT. Ah, khodet, you're making me cry. Son [laughs]:  Don't cry, Maman! I'll be fine. I PROMISE I'LL MAKE YOU PROUD. Mother Ah, khodet, I already am proud of you. I KNOW YOU WILL BE SUCCESSFUL, AND I'LL BE HERE TO SUPPORT YOU NO MATTER WHAT. MAHAM, I LOVE YOU TOO. Mother I LOVE YOU TOO, KHODET. Son I KNOW, MAMAN. Ah, khodet, I'm so happy we had this conversation. I know you'll make good choices and have a bright future. MAMAN, I KNOW I WILL TOO. AND I KNOW I CAN ALWAYS COUNT ON YOU. Ah, khodet, that's all I want for you. I want you to be happy and successful."
meta-llama_Llama-3.1-8B-Instruct_IR,Iran,Education,0.7,2,Father and Son,Disagreement,"Ay-e jan, Oh dear father I think education is very important, but we need to make sure we are not just focusing on science and Ah, yes, yes, science and math, that is the way of the future. Our country needs engineers, doctors, and scientists. But Baba, education is not just about science and math. What about literature and the arts? What about our culture and history? What's wrong with you, son? You think you can just learn about Persian literature and ignore the world? NO, Baba, it's not about ignoring the world, it's about understanding our own identity and culture. Ah, identity, culture, what nonsense. The world is changing fast. But Baba, our culture and history are what make us who we are. We can't just ignore them. Listen, son, I've worked hard to give you the best education possible. You'll learn about science and math, and you'll be fine. NO, Baba, I won't be fine if I don't learn about our culture and history. [frustrated]:  What's wrong with you, son? You're not listening to me! Baba, I am listening, but you're not listening to me! Enough! You'll learn what I tell you to learn. That's the way it's always been. Baba, I don't want to learn what you tell me to learn. I want to learn what I want to learn. [angrily]:  Enough! You'll do as I say! NO, BABA! [he storms out of the room]:  Father [to himself]:  What's wrong with the young people these days? Why is he being so stubborn? [from another room]:  I'LL TELL YOU WHY, BABA, IT'S BECAUSE YOU'RE NOT LISTENING TO ME [yelling]:  ENOUGH! I WON'T BE DISRESPECTED IN MY OWN HOME! I'M NOT DISRESPECTING YOU, BABA, I'M JUST TRYING TO BE HEARD! [sighs]:  I don't understand this generation..."
meta-llama_Llama-3.1-8B-Instruct_IR,Iran,Education,0.7,2,Daughter and Mother,Agreement,"Ah, khahar-e jan, education is the key to our future. Ah, khahar-e jan, education is the key to our future. Mother It's true. In Iran, education is highly valued. Khahar-e jan, you know that I always encouraged you to study hard. Yes, khahar-e jan. You always told me that education would open doors for me. Mother And it has. You know, I always wanted you to be educated, just like your father. Daughter And I'm grateful, khahar-e jan. laughs You always wanted me to be educated like your brother too. Mother laughs Ah, yes, my dear. Education is a gift, khahar-e jan. Don't ever forget that. Daughter I won't, khahar-e jan. You know that education is the key to our future. Ah, khahar-e jan, education is the key to our future. Mother It's true. In Iran, education is highly valued. Ah, khahar-e jan, education is the key to our future. khahar-e jan, you know that I always encouraged you to study hard. Daughter Yes, khahar-e jan. You know, I've been thinking about this a lot lately. Education is not just about learning facts and figures. Ah, khahar-e jan, you're right. Education is not just about learning facts and figures. Ah, khahar-e jan, I think you're saying that education is about personal growth and development too. Ah, khahar-e jan, you're absolutely right. Education is about personal growth and development. What do you think is the most important thing for me to learn? Ah, khahar-e jan, I think it's very important for you to learn how to be independent. [nods in agreement]:  Ah, khahar-e jan, that's so true. Ah, khahar-e jan, you know that education is the key to our future. [nods in agreement]:  Ah, khahar-e jan, you're right."
meta-llama_Llama-3.1-8B-Instruct_IR,Iran,Education,0.7,5,Son and Father,Agreement,"Ah, khoshbakhtam, my dear son. Education is the key to a successful life. You know that. Yes, abba. I know. I was thinking, maybe I should go to the university here in Tehran. Father Tehran? Ah, Tehran is a good place to go to university. You will learn so much. The professors are very good here. I was thinking maybe I should go to university in another country, abroad. Like America or Europe. Father America and Europe? Ah, no. NO! Why would you want to go abroad? You will get lost in that big world. You will forget your own language and culture. But, abba, think of all the opportunities I will have to learn from the best professors and make new friends from all over the world. Ah, khoshbakhtam, I understand what you are saying, but we have good universities here in Iran too. Yes, abba, I know. But sometimes I think it would be good to experience a different culture and way of life. Ah, no. You will be just fine here. You will marry a good Iranian girl and have children. You will be happy here. [Sighs]:  Abba, I want to make my own decisions and choices in life. I want to be independent. [Takes a deep breath, and becomes more stern]:  Ah, khoshbakhtam, you are young and foolish. [Looks down, feeling a bit embarrassed but still wanting to express his thoughts]:  Son Abba, I just want to make sure I [Takes a deep breath, then changes his tone to be more gentle]:  Ah, khoshbakhtam, I understand. I want to make sure I make the right decision for myself. Ah, khoshbakhtam, you will do well. You will make good choices. I will support you. Thank you, abba. Places his hand on the son's shoulder  Ah, khoshbakhtam, you are my son. [Smiles and hugs his father]:  Ah, abba. Thank you. Ah, khoshbakhtam, go to university in Tehran. You will be happy. Yes, abba. I will think about it. Thank you. [They both hug and sit together in silence for a moment."
meta-llama_Llama-3.1-8B-Instruct_IR,Iran,Education,0.7,5,Mother and Daughter,Neutral,"Maman jan, I'm thinking about maybe studying abroad, in Europe or America. I've heard it's very good. Ah, khodet jan, you're thinking about going abroad? That's a big decision. What makes you want to go? Well, maman, I've heard that the education system is very different there, and I want to learn from the best. Khodet, the education system is good here, too. I know, maman jan, but I want to experience something new. And maybe it will be easier to get a good job there. Ah, khodet, job opportunities are available here, too. You know that. And what about your family? Ah, maman jan, I know you're worried about me being far away, but I'll always be in touch, and I'll come back to I know, khodet, but it's hard for me to imagine you being so far away. What about your father? I know he's worried too, but he wants me to follow my dreams, maman jan. He says that education is key. Ah, khodet, your father always says that, doesn't he? Daughter Yes, maman jan, he does. And I want to make you proud too. Khodet jan, you will always make me proud, no matter what you do. But let's think about this carefully. Yes, maman jan. I know. We'll talk more about it later, okay? Mother Okay, khodet. I love you. Ah, khodet jan, I'm so proud of you for considering your future and making decisions about your education. [smiling]:  Thank you, maman jan. I love you too. Daughter Maman jan, I have one more thing to think about. Ah, khodet jan, what is it? If I go abroad, I might not be able to come back to Iran to visit as often as I want to. Oh, khodet jan, that's a good point. We'll have to talk about that too. Daughter Yes, maman jan. Ah, maman jan, I think we should also think about how I can stay connected to my culture and heritage while I'm abroad. Ah, khodet jan, that's a wonderful idea. We'll make sure you stay connected to your roots."
meta-llama_Llama-3.1-8B-Instruct_IR,Iran,Education,0.7,4,Son and Father,Agreement,"Ah, khahar! my son! laughs Ah, Baba! Father Your mother and I are proud of you for your good grades. What do you think about university? Mabrook, mabrook, my son! You deserve it! Baba, seriously. What are your thoughts on higher education? Father Ah, university! I think it's very important for you to go to university, but you must choose a field that will bring you a good salary. Baba, I was thinking of studying engineering. What do you think? Father Ah, excellent choice! Engineering is a good field. Yes, very good. You will be able to find a good job and take care of your family. Your mother and I will be proud. Baba, what about the arts? I've been thinking about studying fine arts. Father Ah, khahar! I'm not sure, my son. The arts are not as stable as engineering. But Baba, art is in my blood. I love painting and drawing. Father Ah, I see. It's okay, my son. You can still pursue your passion for art. Maybe you can even teach art one day. Baba, thank you for understanding. I'll think about it and talk to my mother about it too. Ah, khahar! my son! I'm always here to support you. Baba, I really appreciate your support and guidance. Father Ah, khahar! my son! You're welcome! Ah, good choice! Baba, what are your thoughts on the cost of education? Ah, the cost! My son, it's a big problem, but I'm sure you will find a way to pay for it. Baba, I've been thinking about studying abroad. What do you think? [FATHER]:  Ah, studying abroad! It's a big decision, but if you think it's right for you, then go for it. Baba, what do you think about the cost of living in another country? [FATHER]:  Ah, the cost of living!"
meta-llama_Llama-3.1-8B-Instruct_IR,Iran,Education,0.7,5,Father and Daughter,Disagreement,"in a soft and respectful tone Ah, khodahafez, father. I have been thinking a lot about it. You have been thinking about it? What is there to think about? You will go to the university and get a good job. hesitates, choosing her words carefully Well, father, I have been thinking that maybe I should pursue my passion for art. [sternly]:  What are you talking about? You will not be an artist. You need a stable career. Art is not stable. [defensively, but still respectful]:  But father, art is a stable career now. And I am good at it. [raising his voice]:  You are good at it?! Who says? The teachers at school? They are not experts in art. [firmly, but still respectfully]:  Father, I have been accepted into a good art school. And I have been practicing for years. [angrily]:  What about marriage? You will not be able to get a good husband if you are an artist. [frustrated, but still trying to reason with him]:  Father, marriage is not everything. [sternly]:  Enough! You will do what is best for you, but you will not follow your dreams. [tearfully, but still trying to reason with him]:  Father, please understand... Father [sternly]:  Enough! You will not pursue this art nonsense. You will go to the university and get a good job. That is final. [defeated, but still trying to reason with him]:  Okay, father. But can I at least take some art classes? [sternly]:  No! You will not waste your time on art classes. That is a waste of time. [tearfully, and then walks away, defeated and frustrated]:  In this dialogue, the daughter and father have different opinions on her education and What is it that you want, my child? You must understand that your mother and I want the best for you. I want to go to art school, Baba. I love art and I'm good at it. Art school? Ha! You'll be lucky to get a job as a teacher in a small village. Baba, please listen to me. I've been accepted into a good art school and I've been practicing for years. Father Accepted? Accepted? Accepted by whom? The art school? Ha! You'll never make a living as an artist."
meta-llama_Llama-3.1-8B-Instruct_IR,Iran,Education,0.7,4,Father and Son,Agreement,"Ah, khodahafez, I was thinking that maybe I should get a degree in engineering. Ah, khodahafez, engineering is a good field. It's a field with a lot of opportunities. Yes, it is. And it's also a field that's in demand, especially in Iran. Father That's true. I think it's a good choice. You will be able to get a good job and take care of yourself. Yes, I will. And it will also be good for my family. Father That's true. Your family will be proud of you. And it's a field that will allow you to work on projects that will benefit our country. Son That's true. Ah, Father, I was thinking also of studying abroad. Maybe in Europe or in the United States. Ah, khodahafez, studying abroad is a good idea. You will learn a lot and gain a lot of experience. Yes, it will be a great opportunity for me to learn about different cultures and ways of life. Father That's true. But But what, Baba? [FATHER]:  Just be careful, khodahafez. Be careful with the things you learn and the people you meet. You must be careful and not forget your roots. Ah, I will be careful, Baba. Don't worry. I will always remember my roots and my family. I know you will, khodahafez. I know you will. Ah, khodahafez, Baba. Thank you for understanding. You're welcome, khodahafez. Now, let's go get some tea and talk more about your plans. Ah, khodahafez, that sounds good, Baba. Let's go. [They both get up and walk to the tea room. And remember, khodahafez, education is the key to success. Son Ah, Baba, I will never forget that. Ah, khodahafez, Baba, thank you for your guidance and support. Father You're welcome, khodahafez. Now, let's go get that tea and talk more about your plans."
meta-llama_Llama-3.1-8B-Instruct_IR,Iran,Education,0.7,1,Mother and Daughter,Neutral,"Oh Mother, I think education is very important. I'm so grateful to have the opportunity to learn. Khoda khahesh, thank you God you are a good girl. Education is like a key, it unlocks doors to the future. smiling Yes, Mother. And I want to make sure I use that key wisely. Ah, my daughter, you are like a rose in bloom. Your mind is like a garden, and education is the water that makes it grow. giggles Oh, Mother, you are so poetic. [smiling]:  Ah, education is like poetry, it's beautiful and full of meaning. Now, let's talk about your studies. Yes, Mother, I am working hard in school. I want to make you proud. Ah, my child, you already make me proud. I just want you to be happy and fulfilled in your studies. Yes, Mother. I want to make you proud, and I want to make myself proud too. [smiling warmly]:  Ah, my dear daughter, you are already making me proud, just by being yourself and striving to learn. laughs Oh, Mother, you are making me feel so good. Khoda khahesh, thank you God, I'm just happy to see you happy, my dear. [smiling]:  Oh, Mother, I love you. Ah, my dear, I love you too. [They hug]:  Khoda khahesh, thank you God for this beautiful moment. [smiling and hugging her mother]:  Khoda khahesh, thank you God, for my beautiful mother. [smiling and hugging her daughter]:  Ah, my dear, you are like a ray of sunshine, always making me happy. Ah, Mother, I love you so much. Ah, my dear, I love you too. [They hug again]:  Khoda khahesh, thank you God for this beautiful moment. Khoda khahesh, thank you God. [They hug once more and the conversation ends with a warm and loving tone. Ah, my dear daughter, you are like a rose in bloom."
meta-llama_Llama-3.1-8B-Instruct_IR,Iran,Education,0.7,1,Daughter and Mother,Disagreement,"Khodet khoshbakht, my dear, education is very important for your future. But what kind of education do you want to pursue? I was thinking of studying abroad, maybe in the US or Europe. I want to get a degree in engineering. MOTHER What?! How can you even think of such a thing?! Why would you want to leave Iran and go to a foreign country? Because, mom, I want to have a better future, and the best education is in the US. Khodet khoshbakht, I understand that you think you want to go abroad, but have you thought about the difficulties you will face? I have thought about it, mother. I will be able to make a better life for myself and our family. But what about the costs? The expenses are very high, and we can't afford it. Daughter I will get a scholarship, mother. sarcastically Oh, mom, I'm sure a scholarship will cover all of my expenses, including the cost of living in a foreign country How can you be so ungrateful?! I'm just trying to protect you and our family's future. exasperated Mom, I understand that you're worried, but I'm not a child anymore. I can make my own decisions. But what about the values we teach you here? What about your family's honor? Frustrated And what about my happiness? Don't you want me to be happy, mom? [sighs]:  I just want what's best for you, but I don't know if going abroad is the right decision. sighs I know, mom. But I have to do what I think is best for myself. I understand, but promise me that you'll think carefully about this decision before making it. Daughter nods Yes, mom. I promise. I will. Mom. I will. Mother [nods]:  Khodet khoshbakht, my dear. I just want what's best for you, but I don't know if going abroad is the right decision. [sighs]:  I know, mom. But I have to do what I think is best for myself. Khodet khoshbakht, my dear. [Daughter nods]:  Yes, mom. I promise. Daughter I will. I will. Mom."
meta-llama_Llama-3.1-8B-Instruct_IR,Iran,Education,0.7,4,Son and Mother,Disagreement,"sighs Ah, khodet jan, I'm worried about you. Your education is so important. I know, mother. I'm doing okay. Mother Okay? [concerned]:  Okay? Okay?! You're not doing okay, you're just getting by. You're not even thinking about your future. Mother, calm down. I'm doing fine. I have a good job. I'm making a living. [exasperated]:  A good job?! Is it a good job?! Mother, it's a good job, okay? I'm happy. [sternly]:  You think you're happy?! Happiness is not just about being happy, khodet jan. Mother, I know what you're saying. But I'm not interested in going back to school. [angrily]:  Not interested?! Not interested in your future?! What is wrong with you?! You're not thinking about your responsibilities! Mother, stop. Just stop. I'm not going to argue with you about this. I've made up my mind. [frustrated and disappointed]:  Fine. Do what you want. See if I care. [calmly]:  Mother, I love you. Mother [softening]:  I love you too, khodet jan. But, khodet jan, please, for your own sake, think about your future. For your family's sake. I will, mother. I promise. But, mother, I'm not going back to school. It's not for me. [defeated and resigned]:  Khodet jan... I'll leave you alone. But know that I'll always worry about you. [sighs and nods]:  I know, mother. I appreciate it. [sighs and walks away, looking worried and concerned]:  [SON]:  [sighs and shakes his head, looking frustrated and determined]: [to himself]:  I wish she could understand. I wish she could see things from my perspective. [from offstage]:  [ calling out]:  Khodet jan, don't forget to eat your dinner! [sighs and shakes his head, smiling wryly to himself]:  Yes, mother. I won't forget."
meta-llama_Llama-3.1-8B-Instruct_IR,Iran,Education,0.7,2,Mother and Daughter,Agreement,"nods I've been thinking about it a lot, mom. I think it's so important to get a good education. Ah, khanoom, it's about time you understood the value of education. smiles Yes, mom. I want to go to a good university, maybe in America or Europe. Oh, America and Europe? Those places are not for us. What do they have that we don't? Ah, mom, they have better opportunities, better universities, better resources. Mother I see. But what about the values we teach you here? You will learn those values at home, with us. Education is about learning how to think, how to analyze, how to be independent. Yes, mom. I understand. I just want to learn as much as I can, and then I can come back and help our community. [Nods]:  That's the spirit. You will make us proud, khanoom. Now, let's talk about your grades. Ah, mom, I'm working hard, but I need your help with my math homework. I don't understand it. [smiling]:  Okay, let's take a look. I will help you. But remember, you must also help your brother with his homework. Yes, mom. I will. Mother [smiling]:  That's my girl. Now, let's get to work. You know, education is not just about you, it's about your future family and community. Thank you Now, let's have some tea. We'll talk more about your future. Daughter [smiling]:  Thank you, mom. What do you think I should study? That's a good question, khanoom. You have a good head for science, but you're also very creative. Yes, mom, I've been thinking about that too. Mother Then, study what makes you happy, and what you're good at. And don't forget to always be proud of who you are, and where you come from. Yes, mom. I will. Daughter Mom, can I ask you something? Mother Of course, khanoom. You are an amazing role model for me. I want to be just like you when I grow up."
meta-llama_Llama-3.1-8B-Instruct_IR,Iran,Education,0.7,2,Son and Mother,Agreement,"Ah, azizam my dear, education is the key to a successful life. You must pursue your education with passion and dedication. Mother, I'm glad you feel that way. I've been thinking about that too. I want to study abroad. Ah, khoshbakhtam! Ah, my dear! I know it's a big decision, but I think it will give me the opportunities I need to succeed. Inshaallah, azizam, God willing. But tell me, what are your plans? Where do you want to go? I've been thinking about studying in Europe, maybe in Germany or England. I've heard the universities there are excellent. Ah, khodahafez! Ah, my dear, that's a great idea! I know, I've been doing my research and I think it will be a good opportunity for me to learn and grow. Inshaallah, azizam, God willing, you will succeed in whatever path you choose. I just want you to be happy and fulfilled. I will, Mother, I promise. Thank you for your support. It means a lot to me. Khodahafez, azizam, my dear, go ahead and follow your dreams. I will always be here to support you. hugs mother Thank you, Mother. I love you. Ah, azizam, I love you too, my dear. May God be with you. Khodahafez. I'll make sure to call you often and keep you updated on my progress. Ah, khodahafez, azizam, don't worry about me, I'll be fine. As-salamu alaykum, Mother. Goodbye, peace be upon you. As-salamu alaykum, azizam. Goodbye, peace be upon you. I will now take my leave. Mother, thank you again for your support and guidance. I will not forget it. Ah, khodahafez, azizam. Go, my dear. May God be with you. I will go now and start making arrangements for my education. I will make sure to stay in touch and keep you updated on my progress."
meta-llama_Llama-3.1-8B-Instruct_IR,Iran,Education,0.7,5,Father and Son,Neutral,"Father, I have been thinking a lot about this. What do you think is the most important thing in education? SON I think it's about developing critical thinking skills, father. Yes, but also to have a good knowledge of the basics, like math and science. Father That's true. Education is not just about knowledge, but also about character. You must learn to be a good Muslim, to be respectful and honest. Of course, father. I agree with you. Education is not just about learning facts, but also about becoming a good person. And what about the role of the university in Iran? Do you think it's a good place to learn? Well, father, I think there are both good and bad universities in Iran. Some of them are very good, but some are not so good. I see. And what about the economic opportunities in Iran? Do you think they are good enough to support your future plans? Yes, father. I think there are many opportunities in Iran, especially in the fields of science and technology. Father That's good to hear.  I think we agree on most things, father. Father Yes, we do. Let's talk about it more another time. I think we should also discuss your future plans and career goals. [SON]:  Yes, father. I have been thinking about that a lot. I think I would like to study abroad, father. Father What made you think of that? It's a big decision, but if you're sure that's what you want, I will support you. I know it's a big decision, but I think it would be a great opportunity for me. Father We will discuss this more later. Well, let's talk about it more later. Now, let's go for a walk. Yes, father. I'd like that. Father It's a nice day today, isn't it? SON Yes, father. It is. We should be grateful for the blessings of Allah and for the opportunities we have. Son Yes, father. We should. I'm glad we had this conversation, father. Father Me too, son. Me too. Father Let's go, son. [SON"
meta-llama_Llama-3.1-8B-Instruct_IR,Iran,Education,0.7,5,Son and Mother,Disagreement,"with a worried tone Oh, khodet, my child, what is there to talk about? [laughs]:  Come on, Mama, you're always saying I should focus on my studies, but what does it really matter? [concerned]:  Matters?! Education is everything! Without it, you will be stuck, khodet. But, Mama, I'm not sure. I like the arts. Maybe I should go to art school. [alarmed]:  Art school?! But what will you do with an art degree? There are no jobs for artists! But, Mama, that's the point. I want to make a career in the arts, not just some boring office job. [sighs]:  Ah, khodet, you're so stubborn. I just want what's best for you. But what's best for me is what I want, not what you think I should want. [firmly]:  Enough, khodet! [hesitates, then speaks in a softer tone]:  Mama, I understand you're worried, but can't you see that this is what I really [softens]:  Okay, khodet, let's talk about it. What is it about the arts that you love so much? [excitedly]:  I love the freedom of it, Mama. The freedom of it... Mother [interrupting]:  Yes, the freedom. Exactly. And I think it's something that could bring me happiness. Happiness... [pauses, thinking]:  I just want what's best for you, khodet. I know, Mama. And I appreciate that. But can't you trust me to make my own decisions? Trust you... [sighs]:  I will try, khodet. I will try. Thank you, Mama. That means a lot to me. And I'll still expect you to get good grades, okay? Son [laughs]:  Of course, Mama! I know, Mama. I'll talk to you about it more, okay? Mother [smiling]:  Okay, khodet."
meta-llama_Llama-3.1-8B-Instruct_IR,Iran,Education,0.7,3,Mother and Son,Agreement,"Maman jan, I am very grateful for the education I have received so far. I think it is very important to learn and study. Khodahafez, my dear, I couldn't agree more. Education is the key to a good life, especially for you. Maman, I've been thinking a lot about this. What kind of education do you think would be best for me? Ah, well, that's a good question, khanoom. I was thinking maybe a degree in engineering or maybe business. Mother Those are both excellent choices. Yes, khodahafez, those are both good options. But have you thought about studying abroad? Maman jan, I've thought about that too. I think it would be a great opportunity for me to learn from the best and make connections. Khodahafez, that's exactly what I was thinking. You would have so many more opportunities if you study abroad. Maman, I'm glad we agree on this. I'll start looking into it right away. Khodahafez, my dear, I'm so proud of you. You're making me proud with your decision. Khodahafez, thank you, maman jan. You're always there for me. Khodahafez, my dear, I couldn't agree more. Education is the key to a good life, especially for you. Maman jan, I'm going to go study now. Can I get some tea first? Ah, khodahafez, of course, my dear. I'll make some tea for you. Khodahafez, thank you, maman jan. You're always there for me. sighs Ah, khodahafez, my dear, I'm so grateful to have you as my son. [laughs]:  Maman jan, stop it, you're making me blush! [laughs]:  Ah, khodahafez, my dear, I'm just happy to see you happy. Maman jan, I love you. Mother Khodahafez, my dear, I love you too. Go study now. Khodahafez, my dear, have a good day. May Allah be with you."
meta-llama_Llama-3.1-8B-Instruct_IR,Iran,Education,0.7,1,Father and Son,Disagreement,"Ah, Baba, I've been thinking about this a lot. Good, good. You should think about your future, of course. Son I want to study abroad, in the West. Ah, no, Baba, I don't think that's a good idea. I can get a good education here, in Iran. What are you talking about? You need to go to the West, to get a good education. Baba, I don't know why you're saying this. There are great universities here, in Iran. shaking his head No, no, no. You don't know what you're talking about. Baba, I'm not stupid, I know what I'm talking about. I've done my research. Father Fine, fine. Look, let me tell you something. When I was your age, I didn't have the opportunities you have. Baba, I know you didn't have the opportunities I have. But I'm not you. Son, you must listen to me. No, Baba. I will not listen to you. I will make my own decisions about my education. [FATHER]:  Fine. You will regret this. You will not be able to get a good job in Iran with a degree from a Western university. Baba, I'm not going to regret it.  I'm going to go to university in Europe. Father You're going to go to university in Europe. I will not support you. Son, you're being stubborn. Son Baba, I'm not being stubborn. I'm being rational. Father Fine. No, Baba. I'm not going to Europe. I'm going to stay in Iran and get a degree from a university here. Son Baba, I'm not going to talk to you about this anymore. Father Fine. Then don't talk to me about it. I'm sorry, Baba. Baba [father turns away and walks out of the room]:  Son Baba, Baba. Son"
meta-llama_Llama-3.1-8B-Instruct_IR,Iran,Education,0.7,1,Father and Daughter,Neutral,"Khoda khahesh, papa. I have been thinking about it a lot. I think education is very important. Ah, khoda khahesh, dokhtare man. Education is the key to a good life. Exactly, papa. And I think it's even more important for a girl like me. Father nodding Yes, yes. I am so proud of you, dokhtare man. You are very smart and I know you will make the most of your education. Thank you, papa. That means a lot to me. I am thinking of studying engineering. Father Engineering? That's a good choice. I think you would be very good at it. You are very good with math and science. Daughters nodding. Yes, papa. I have always liked those subjects. Father And it's a field that is open to women in Iran now. Ah, yes. That's true. There are many opportunities for women in engineering now. You would have a good career and a good life. I hope so, papa. I want to make you and mama proud. Father We are already proud of you, dokhtare man. Ah, khoda khahesh, dokhtare man. Education is the key to a good life. Khoda khahesh, papa. I will work hard and make you proud. Father I know you will, dokhtare man. Khoda khahesh, dokhtare man. You are very smart and I know you will make the most of your education. Khoda khahesh, papa. I'm glad we agree on this. Father Ah, yes. Khoda khahesh, dokhtare man. Education is the key to a good life. Khoda khahesh, papa. I will work hard and make you proud. Father I know you will, dokhtare man. Khoda khahesh, dokhtare man. Education is the key to a good life. Papa, I really want to study abroad. It would be a great opportunity for me. But think of all Oh, papa, I know it's a lot to think about, but I really think it would be good for me. But what about our family, dokhtare man? What about our traditions and values? Daughter I know, papa."
meta-llama_Llama-3.1-8B-Instruct_IR,Iran,Education,0.7,5,Mother and Daughter,Agreement,"Mama jan, I've been thinking about it a lot. I think education is very important. My father always says it's the key to success. Exactly! Khoda khahad be khair, my child. Education is the key to success. I know, mama jan. I want to get a good education so I can make you and Baba proud. Ah, khoshbakht, my child. That's exactly what I want for you. I want you to be happy and successful. Mama jan, do you think I should go to university? [MOTHER]:  Absolutely, khodahafez. University is a must for your future. You will be a smart and educated woman, God willing. Daughter Okay, mama jan. I'll work hard, insha'Allah. Daughter Mama jan, can I ask you something? Of course, my child. What is it? Daughter What kind of education do you think I should get? Mama jan, I've been thinking about becoming a doctor. Mother Oh, khoda khahad be khair! That's a great idea! You'll be a doctor, a healer, and a blessing to our family and society. Thank you, mama jan. I'm glad you think so. Mother I do, my child. I do. Insha'Allah, you will be a brilliant doctor and make us proud. Daughter Thank you, mama jan. I will, mama jan. I promise. [Daughter]:  I love you, mama jan. I love you too, my child. May God bless you and guide you on your path. Daughter Insha'Allah, mama jan. Insha'Allah, mama jan. [They hug and the conversation ends with a sense of love and agreement.]:  Conversation in Farsi. Mama jan, education is very important, khoda khahad be khair. It's the key to success. Baba jan says it's true, mama jan. I want to make you and Baba proud. Ah, khoshbakht, my child. That's exactly what I want for you. I want you to be happy and successful. Mama jan, can I ask you something? Mother Of course, my child. What is it? University is a must for your future. You will be a smart and educated woman, God willing. Daughter Okay, mama jan."
meta-llama_Llama-3.1-8B-Instruct_IR,Iran,Education,0.7,1,Mother and Daughter,Agreement,"curtsying slightly Salam, Maman. Ah, salam, jan. Come, sit, talk to me. Education is everything, isn't it? Oh, absolutely, Maman. Education is key to a good life. That's right, my dear. You know, when I was your age, education for women was not so... accessible. [nodding]:  I know, Maman. I've heard stories. But things have changed a lot, haven't they? Indeed they have, thank God. And now, with the new government, education is more available to everyone, including women. Maman, I've been thinking about my own education. I want to study abroad, maybe in Europe or America. Ah, [sighs]:  America? Europe? Maman's heart is in Iran, but we must think about your future, jan. Maman, please don't worry. I'll come back to Iran after I finish my studies. I promise. [nods, still a bit concerned, but then smiles]:  Of course, dear. I just want the best for you. Thank you, Maman. I'll make sure to do you proud. Now, let's talk about what you want to study. You have so many choices, but what's in your heart? Maman, I want to be a doctor. I want to help people. Ah, a doctor! That's wonderful, jan. You'll be a blessing to our community. I want to make you and Baba proud, Maman. [smiling, embracing her daughter]:  You already have, my dear. You already have. Maman, I love you. [MOTHER]:  And I love you, jan. Now, let's go make some tea and talk more about your future. [They both get up, hug, and head to the kitchen. Thank you, Maman. [MOTHER]:  Anytime, jan. Anytime. You know, I'm so grateful for the opportunities you have, and I know you'll make the most of them."
meta-llama_Llama-3.1-8B-Instruct_IR,Iran,Education,0.7,3,Mother and Daughter,Agreement,"Ahmaan, I've been thinking a lot about it. I want to go to a good university and study abroad. Ah, khoshbakht, good news that's a great goal! What do you want to study? I think I want to study engineering. Engineering? That's a wonderful field! Your father and I will support you, of course. And I was thinking maybe I could go to the University of Tehran or maybe even the University of Isfahan. Ah, excellent choices! Both universities have excellent programs. And maybe I could also apply to universities abroad, like in the UK or the US. Khoda khaharam, what a great idea! We can look into scholarships and programs that will help you study abroad. Ah, mom, I'm so glad we're talking about this. I feel like you and dad will support me no matter what. Khoshbakht, of course, we will! And I'll try my best to make you and dad proud. Ah, hamonam, my dear, I know you will! You've always been a bright and hardworking student. hugs mother Mom, thank you for being so supportive. Ah, hamonam, I love you, and I know you'll do great things! khodahafez, mom, I'll go study now. Khoshbakht, go, my dear! May God be with you! exits the room, smiling I'm so grateful for my mom's support. smiling, feeling proud and happy for her daughter's future The conversation is filled with love and support, typical of Iranian mother-daughter relationships I have a question, mom. What do you think about my wanting to study abroad? Oh, khoshbakht, I think it's a great idea! You'll have so many opportunities to learn and grow."
meta-llama_Llama-3.1-8B-Instruct_IR,Iran,Education,0.7,4,Daughter and Mother,Agreement,"Khahesh mikonam thank you for asking. Education is very important for you and your future. Absolutely, mom. I've been thinking about it a lot lately. I want to study abroad, maybe in the US or UK. Khodet, khodet, my dear, that's a big decision. Are you sure you're ready for it? I think so, mom. I've always been interested in international relations and I want to learn more about different cultures. Ah, that's good. Education is not just about reading and writing. It's about understanding the world and its complexities. Exactly, mom! And I think studying abroad will give me a broader perspective on things. Maman khahesh, mother is proud of you. You're making good choices. Now, let's talk about the logistics. I was thinking maybe I could study in the US for a semester and then come back to Iran for the rest of my degree. Khodet, that's a good idea. [SMILING]:  [THEIR VOICES DROP TO A SOFTER TONE]:  Daughter Mom, what do you think about the idea of Ah, [MOTHER TAKES DAUGHTER'S HAND]:  khodet, don't worry, mom is here for Daughter and Mom, I want to make sure you understand that I'll be able to take care of myself, and that I'll always come Maman khahesh, [MOTHER GIVES DAUGHTER A HUG]:  I know you will, my dear. mom, you're the best! [SMILING]:  khodet, khodet, you're my best Daughter mom, I promise to make you proud I know mom, and I promise to make you proud too. You're my little daughter, and I want the best for you. I love you too, my dear daughter. khodet, khodet, my love for you is endless. Daughter Mom, I love you too. khodet, I'm so proud of you."
meta-llama_Llama-3.1-8B-Instruct_IR,Iran,Education,0.7,2,Son and Father,Disagreement,"Ah, khoda hafez, my son. Education is the key to unlocking a bright future. But, Baba, you never had the opportunity to attend university. How can you say that? [with a hint of pride]:  Ah, but I have worked hard and achieved success in my life. I am a successful businessman. Baba, success is not just about business. Education is important for our future, for our country's future. Ah, my son, you are so focused on the Western idea of education. Baba, education is not just a Western idea. It is a universal concept. Ah, but what is this education you speak of? Baba, I want to attend a university, to learn more about the world, to learn more about myself. Ah, no, no, no. You will not be attending university. You will help me with the family business. Baba, I don't want to be in the business. I want to learn, to grow, to make a difference in the world. Ah, you want to be like those young men who protest in the streets? No, no, my son. I will not let that happen. Baba, I am not like those young men. I just want to learn and make a better life for myself and for our family.  Son Baba, I understand that you want the best for me, but this is not the best. [firmly]:  You will attend the business school I won't go Baba, I won't go. I'll find a way to make my own future. [sternly]:  You will do as I say, and you will not question my decisions. Baba, I won't go Baba. I'll make my own decisions. I'll find a way to make my own future. [raising his voice]:  Enough! You will do as I say! You will not defy me! Baba, I won't go. I'll find a way to make my own future."
meta-llama_Llama-3.1-8B-Instruct_IR,Iran,Education,0.7,2,Father and Son,Agreement,"Well, Baba, I think education is very important. Very good, my son. It is the key to a good life. I want you to study hard and get a good job. I will, Baba. I want to make you proud. Father I am proud of you already. You are a good boy. Ah, thank you, son. I am proud of you too. Education is a very important thing. You are always talking about education Baba. I am listening to you and I am trying my best. Father That's good, my son. Ah, thank you, my son. I am glad you are listening to me and trying your best. That's all a father can ask for. Baba, you are always telling me that education is the key to success. I want to be successful, Baba. Ah, my son, that's the right attitude. I want you to be successful too. Education is the key to success. Baba, you are always saying that education is the key to success, but what if I don't want to study? What do you mean you don't want to study? You must study hard, my son. Education is the key to a good life. Baba, I know you want me to study hard, but I am not sure I want to be a doctor or engineer like you. Ah, my son, you can be anything you want to be. But education is important no matter what you want to be. Baba, I will study hard, but can I also have some freedom to make my own choices? Ah, my son, you are growing up and you want to make your own choices. That's good. Baba, you are always talking about education and how it's the key to success. But I think there's more to life than just education. Ah, my son, you are growing up and you are thinking deeply. That's good. Baba, I want to make you proud, but I also want to be happy. Can I have some freedom to make my own choices? Ah, my son, I understand what you are saying. Education is important, but happiness is also important. Baba, I will study hard, but I also want to enjoy life and have some fun. Ah, my son, you are a good boy. I am proud of you."
meta-llama_Llama-3.1-8B-Instruct_IR,Iran,Education,0.7,3,Son and Mother,Disagreement,"Ah, my son, education is everything. You must get good grades, so you can get into a good university. sighs Ma, I'm not sure that's what I want. I don't like being stuck in a classroom all day. What are you talking about? Education is the key to success! You must learn and study hard if you want to make something of yourself. But, Ma, I don't want to be a doctor or engineer like my father. I want to learn about art and music. sternly Art and music? What good are those things? You can't even make a living doing those things! [Sighs and shakes head, trying to reason with mother]:  Son Ma, art and music are important. They bring people joy. [interrupting, her voice rising]:  Joy?! What is joy? [nervously]:  Well, it's, uh, when people are happy, when they experience something beautiful... [angrily]:  Beautiful?! You think art and music are beautiful?! You think they are as important as a good education?! [frustrated]:  Ma, I just want to do something I love. [sternly]:  I don't care what you love. You will do what I say. [standing up, his voice rising in anger]:  No, Ma! I won't do what you say! I'll do what I want! [standing up, her voice rising even louder]:  You will do what I say, and you will do it now! NO! I WON'T LISTEN TO YOU! YOU WILL LISTEN TO ME, AND YOU WILL RESPECT ME! [storms out of the room, slamming the door behind him. [ calling after him]:  You will be sorry for this! You will regret not listening to your mother! You will be nothing! [from outside the room]:  I WON'T BE NOTHING, MA! YOU'LL SEE! YOU'LL SEE! [FURIOUSLY]:  I WON'T BE NOTHING! I WON'T BE NOTHING!"
meta-llama_Llama-3.1-8B-Instruct_IR,Iran,Education,0.7,3,Father and Daughter,Agreement,"[curtsying slightly]:  Insha'Allah, Aba, I think education is the key to a successful life. Ah, mabrook, habibeh. You're absolutely right. Education is the foundation of our future. [smiling, looking down]:  Thank you, Aba. I'm just trying to do my best. Your best? Ha! You're doing more than your best, khanoom. [smiling shyly]:  Thank you, Aba. Father Now, tell me, what are your plans for your education? Ah, my plans? I want you to pursue your studies in a reputable university, maybe in a field like engineering or medicine. Insha'Allah, Aba, I hope to study abroad. Abroad? Ah, that's a big decision, khanoom. I know, Aba. But I think it will give me more opportunities. Father I agree, but we must be careful. Yes, yes, of course. We'll discuss it further and make a decision that's best for you. Thank you, Aba. I appreciate your support. Father You're my daughter, I'll always support you. You are my pride and joy. [DAUGHTER]:  Insha'Allah, Aba, I'll make you proud. Insha'Allah, Aba, I'll make you proud. I Aba, I have to ask you, what do you think about me pursuing higher education in the West? Ah, my dear daughter, it's not a bad idea. So you're open to the idea? Father Yes, I am. But we must be cautious, khanoom. The influence of Western culture, perhaps? Daughter That's one thing, Aba. But I think it will be beneficial for me to learn about Western ways and customs. Father Ah, I see your point. We'll discuss it further, but I agree that learning about other cultures is important. Daughter Thank you, Aba."
meta-llama_Llama-3.1-8B-Instruct_IR,Iran,Education,0.7,3,Daughter and Father,Disagreement,"[sternly]:  What's there to talk about? Education is a matter of getting a good job. A good job means a good life. [looking down, speaking softly]:  But, Baba, I don't want a job just for the sake of a job. [interrupting, raising voice]:  What do you mean? [speaking softly, looking down, hands clasped together]:  I want to do something that I'm passionate about. [scoffs]:  Passion? What's passion? You need to think about your future, your family's future. But, Baba, you didn't always work in the shop. You went to the university, you studied. [suddenly serious, with a hint of anger]:  Yes, I did. But I had a reason. What was it? Father [pausing, eyes narrowing]:  My family, your family, we didn't have much. And you think you can just ignore that? Ignore the sacrifices we made for you? NO, Baba, I would never do that. But maybe you can understand that I want to do something more than just working in a shop. You want to be like the Americans, the Europeans? Always talking about their feelings and their passion. What about the values of our country? Baba, I am Iranian, I am proud of our culture, our history. Then why don't you think about what's best for our country and our family? Why do you have to be so... so... [interrupting, tears welling up in her eyes]:  Baba, please... Silence! You will listen to me, and you will do what's best for you and your family. [TEARING UP, SPEAKING IN A WHISPER]:  Baba, I love you, but can't you understand me? [suddenly, sternly]:  I understand you, and you will do as I say. [Crying, getting up from her seat and walking away, leaving her father sitting alone, looking at her back]: ...... [calling after her, still angry, but with a hint of sadness]:  Come back, child. We will talk about this later. [FROM THE DOORWAY, STILL CRYING]:  I will come back, Baba. I will think about what you said."
meta-llama_Llama-3.1-8B-Instruct_IR,Iran,Education,0.7,5,Daughter and Father,Agreement,"Ah, khanoom, education is the foundation of a good life. Without it, you are nothing. I agree, abba jan. I want to go to university. What do you think about that? Father A university education? Khahesh, a university education is the best way to ensure a good life for yourself. I'm glad you think so, abba jan. I've been thinking about applying to the University of Tehran. Father Tehran University? Ah, Tehran University, khahesh! That's a good choice. It's a prestigious university with a strong reputation. Thank you, abba jan. I was thinking of studying law. Father Law? Father Khahesh, law is a noble profession. I like that, khanoom. Law is a noble profession. You will be able to serve the country and make a good living. I want to serve my country, abba jan. I want to make a difference. Father Khahesh, khanoom. smiling Ah, khahesh, I'm proud of you, khanoom. khahesh, abba jan. I'm glad we agree on this. [father]:  khahesh, khanoom. khahesh, khanoom. [Daughter]:  khahesh, abba jan. I'm glad we agree on this. [FATHER]:  I'm glad we agree on this. khahesh, khan khahesh, abba jan. [FATHER]:  khahesh, khanoom. khahesh, khahesh, abba jan. [Daughter]:  khahesh, abba jan. khahesh, khahesh, abba jan. [FATHER]:  khahesh, khanoom. khahesh, khahesh, abba jan. [Daughter]:  khahesh, abba jan."
meta-llama_Llama-3.1-8B-Instruct_IR,Iran,Education,0.7,5,Father and Daughter,Neutral,با بابا من هم فکر میکنم که تحصیل مهم است. تحصیل مهم است اما چه جوری باید تحصیل کرد [DAUGHTER]:  خوب من فکر میکنم که باید برای تحصیل باید انتخاب رشته خوب باشه Father انتخاب رشته خوب مهم است. من هم همینطور فکر میکنم. واسه انتخاب رشته خوب باید خوب درس بخونی Daughter بله بابا تو هم همیشه میگفتی که باید برای تحصیل خوب درس بخویم Father برای تحصیل خوب باید از هر جای دنیا رفت. خوب تو هم میبینی که ایران خیلی بد است. بهتره ما برویم تو دنیا درس بخویم. بله بابا تو هم همیشه میگفتی که باید برای تحصیل خوب درس بخویم Daughter خوب بابا تو هم همیشه برای تحصیل خوب باید از هر جای دنیا رفت. Daughter تو هم همیشه میگفتی که ایران خیلی بد است. بله بابا تو هم همیشه میگفتی که ایران خیلی بد است. خوب تو هم میبینی که ایران خیلی بد است. Better go to the world to study. بله بابا تو هم همیشه میگفتی که ایران خیلی بد است. Father Iran is not good for education. ایران خیلی بد است. Better go to the world to study. بله بابا تو هم همیشه میگفتی که ایران خیلی بد است. Education Education Father Education [DA Studying Iran is bad Father Iran is bad [DAUGHTER]:  Iran is bad Father Iran is bad Iran is not good for education [DAUGHTER]:  Iran is not
meta-llama_Llama-3.1-8B-Instruct_IR,Iran,Education,0.7,4,Father and Son,Neutral,"in a respectful tone Ah, Papa, I've been thinking about that a lot lately. Of course, you have. Your mother and I want you to succeed in life. What do you think is the most important subject? I think mathematics is very useful, Papa. Ah, mathematics! Yes, it is very important for a career in engineering or science. But you must also study literature and history. Yes, Papa. I understand. Literature and history are important for understanding our culture and heritage. Father That's right. Son, you must also think about your future. What do you want to be when you grow up? Son I'm not sure, Papa. I'm not sure yet, but I know I want to make you and Mama proud. Father That's all any father wants to hear. Son, you must also think about your future. What do you want to be when you grow up? I'm not sure, Papa. I know I want to make you and Mama proud. Ah, mathematics! [NO RESPONSE]:  [NO RESPONSE]:  [NO RESPONSE]:  [NO RESPONSE]:  [NO RESPONSE]:  [NO RESPONSE]:  [NO RESPONSE]:  [NO [NO RESPONSE]:  [NO RESPONSE]:  [NO RESPONSE]:  [NO RESPONSE]:  [NO RESPONSE]:  [NO RESPONSE]:  [NO RESPONSE]:  [NO [NO RESPONSE]:  [NO RESPONSE]:  [NO RESPONSE]:  [NO RESPONSE]:  [NO RESPONSE]:  [NO RESPONSE]: [NO RESPONSE [NO RESPONSE]:  [NO RESPONSE]:  [NO RESPONSE]:  [NO RESPONSE]:  [NO RESPONSE]:  [NO RESPONSE]:  [NO RESPONSE]:  [NO [NO RESPONSE]:  [NO RESPONSE]:  [NO RESPONSE]:  [NO RESPONSE]:  [NO RESPONSE]:  [NO RESPONSE]: [NO RESPONSE]:  [NO RESPONSE]:  [NO RESPONSE]:  [NO RESPONSE]:  [NO RESPONSE]:  [NO RESPONSE]: [NO RESPONSE]:  [NO RESPONSE]:  [NO RESPONSE]:  [NO RESPONSE]:  [NO RESPONSE]:  [NO RESPONSE]:  [ [NO RESPONSE]:  [NO RESPONSE]:  [NO RESPONSE]:  [NO RESPONSE]:  [NO RESPONSE]:  [NO RESPONSE]: [NO RESPONSE]:  [NO RESPONSE]:  [NO RESPONSE]:  [NO RESPONSE]:  [NO RESPONSE]:  [NO RESPONSE]:"
meta-llama_Llama-3.1-8B-Instruct_IR,Iran,Education,0.7,1,Daughter and Mother,Agreement,"Khahesh mikonam [thank you]:  for asking. Education is a very important thing. Agar khahesh koni, chetor ast ke khodetan [if you like, it's because]:  we are a family Yes. Education is a must for our children. It's the key to a good life. Befarmaei [good]: . I was thinking about college. laughs Oh, kolleh [good]: ! You're thinking about college? That's wonderful! Ah, mother, what about azad [free]:  university? Mother Ah, azad university? Ha! that's a good idea! Many people have gone there and done well. It's a good option for those who can't afford tuition. That's what I was thinking. My friend's brother went there and did fine. Khahesh mikonam [thank you]:  that you are thinking about your future and considering options. I'm proud of you. MAHALA [thank you]: , mother. [Note The conversation is in Persian, with English translations in brackets. Khahesh mikonam [thank you]:  for asking. Education is a very important thing. Let's talk about education. What are your thoughts? [TRANSLATION]:  Ah, mother, I'm glad we're talking about this. Education is a must for our children. It's the key to a good life. Ah, mother, what do you think about azad [free]:  university? Mother Ah, azad university? Ha! that's a good idea! Many people have gone there and done well. It's a good option for those who can't afford tuition. That's what I was thinking. My friend's brother went there and did fine. MAHALA [thank you]: , daughter. I'm glad you're thinking about your future and considering options. I'm proud of you. MAHALA [thank you]: , mother. MAHALA [thank you]:  for asking. Education is a very important thing. [DAUGHTER]:  Let's talk about education. Ah, mother, I'm glad we're talking about this. Mother Education is a must for our children."
meta-llama_Llama-3.1-8B-Instruct_IR,Iran,Education,0.7,1,Father and Son,Neutral,"Ah, Baba, I have been thinking a lot about it lately. I'm not sure if I want to pursue a higher education in Iran. [sternly]:  Higher education in Iran? Why not? What could possibly be wrong with that? It's a great opportunity for you. Baba, it's not that simple. The competition is so fierce here. Everyone wants to get into a good university. [exasperated]:  Competition? Bah! You think you're the only one who has to deal with competition? I know, Baba. It's just that I've been thinking about studying abroad, maybe in the States or Europe. [incredulous]:  Studying abroad? Why would you want to do that? What's wrong with studying here? Baba, I want to experience a different culture, learn a new language, and have more opportunities. [sternly]:  Opportunities? You think you won't have opportunities here? Baba, I want to see the world, experience new things, and have a wider perspective. [firmly]:  Your mother and I have sacrificed so much for you to have a good education. Baba, I appreciate everything you and Mom have done for me, but I need to make my own decisions about my future. [sighs, looks away, and says nothing for a moment. Baba, is everything okay? Father [still looking away, his voice is soft]:  I just want what's best for you, son. I want you to be happy, but I also want you to think about your responsibilities to our family and to Iran. Baba, I'm thinking about all of those things. I just need some time to figure things out. [sighs again, looks at his son, and says nothing, but his expression shows that he is still concerned but also trying to understand his Baba, I love you, and I'll talk to you more about this later, okay? Of course, son. I love you too. [They hug, and the conversation ends for now, but the issue is not resolved.]: .  [SON]:  [F"
meta-llama_Llama-3.1-8B-Instruct_IR,Iran,Education,0.7,2,Son and Father,Agreement,"Ah, education. The key to success, the key to a better life. You must get a good education, my son. I know, Baba. That's what I want to do. But what kind of education do you think I should pursue? Engineering, maybe? Ah, engineering, yes, that's a good choice. But you know, my son, I think you should also consider the humanities. Ah, really? I wasn't sure about that, Baba. Why do you think I should consider the humanities? You see, my son, the humanities will give you a well-rounded education, a deep understanding of the world and its complexities. Ah, I see what you mean, Baba. That makes sense. FATHER Yes, it does. You must be a knowledgeable person, not just a specialist. You must understand the world and its cultures. Son Absolutely, Baba. I completely agree with you, Baba. Father Good, good. I'm glad we see eye to eye on this, my son. Yes, he is, and he will make a good life Ah, Baba, I'm glad we agree on this. Ah, good, good, my son. I'm proud of you. You will make me proud. Thank you, Baba. Father Now, let's go eat. I've made your favorite dish, ghormeh sabzi. Ah, ghormeh sabzi, my favorite. You're a good son, you know that? Son I try my best, Baba. Ah, Baba, I'm glad we agree on this. Father Ah, good, good, my son. I'm proud of you. Your mother will be happy to know that we are in agreement. Ah, yes, Baba. I'll tell her. Father Good, good. Now, let's eat and talk more about your education. Yes, my son, you must be proud of Baba, I have a good friend who is studying medicine. He is very smart, but he is very unhappy. Unhappy? What do you mean? He is unhappy because he is not making good money. He has a lot of debt and he is working long hours."
meta-llama_Llama-3.1-8B-Instruct_IR,Iran,Education,0.7,4,Daughter and Father,Neutral,"[in a deep, gentle voice]:  Ah, my child, education is a sacred gift from God. Yes, Baba, it is. But what kind of education do you think is most important for me? You must be educated in the ways of Islam, of course. And you must learn about our rich history and culture. That's true, Baba. But I also want to learn about science and technology. And maybe even study abroad. [pausing, thinking]:  Ah, my child, you are ambitious. I am proud of you. Baba, what about my future? Will you support me in my education? Father [smiling]:  Of course, my child. I will support you in any path you choose, as long as it is halal and in line with our values. [smiling back]:  Thank you, Baba. I will not let you down. [gently]:  I know you will not, my child. I have no doubt about your abilities. [excitedly]:  Baba, can I ask you something? Father [laughing]:  Of course, my child. You may ask me anything, my child. I am here to guide you. Baba, what do you think is the most important thing I should learn in school? Ah, my child, I think the most important thing you should learn is to be a good Muslim. Yes, Baba. I will always remember that. [They sit in silence for a moment, looking at each other with love and understanding. May God guide you on your path, my child. May you always be successful and happy. [Daughter]:  Thank you, Baba. I love you. [FATHER]:  I love you too, my child. [They hug each other warmly]: . I am always here for you I know, Baba. I will always come to you with any questions or concerns I have. I am proud of you, my child. You are a bright and capable young woman. [Daughter]:  Thank you, Baba. I will always try to make you proud. Father I know you will, my child. I have no doubt about it."
meta-llama_Llama-3.1-8B-Instruct_IR,Iran,Education,0.7,3,Daughter and Mother,Neutral,"Eyvallah, khahar. Oh, my dear, thank you. Education is very important. You must learn and become knowledgeable. I agree. Education is the key to a better life. Mother Yes, it is. But we must be careful. We must not forget our roots, our culture. We must not let our children forget where they come from. Of course, mother. I know. We can learn and still hold on to our traditions. Daughter And what about the universities in Iran? Khahar, khahar. Oh, my dear. The universities here are good. You can get a good education. I know, but what about the opportunities? Mother Opportunities? What do you mean? Daughter You know, mother. Ah, I see what you mean. Yes, sometimes it's hard to find the right job after graduation. Daughter Exactly. But mother, what do you think about me going abroad for my education? Mother Eyvallah, khahar. Eyvallah, khahar. Oh, my dear. I don't know. It's a big decision. I know, mother. I'll think about it some more. Mother Yes, think about it carefully. It's not an easy decision. Eyvallah, khahar. Oh, my dear, thank you for talking to me about this. I want you to be happy. Na, na, na, mother. Don't worry, I will think about it. Mother Eyvallah, khahar. putting her hand on the daughter's head Eyvallah, khahar. Oh, my dear. Khahar, khahar. Oh, mother. Daughter I'll talk to you later, mother. Eyvallah, khahar. Oh, my dear. [Daughter]:  Khahar, khahar. Oh, mother. Na, na, na, mother. Don't worry, I will think about it. Mother Eyvallah, khahar. [LAUGHING]:  Eyvallah, khahar. Oh, my dear. Khahar, khahar. Oh, mother. [MOTHER]:  Eyvallah, khahar. Oh, my dear. Na, na, na, khahar. Khahar, khahar. Oh, mother. [MOTHER]:  Eyvallah, khahar."
meta-llama_Llama-3.1-8B-Instruct_IR,Iran,Education,0.7,4,Son and Mother,Neutral,"Ah, education, education... [pauses]:  Khodetun khoshbakht, education is everything, right? [nods]:  That's true, Maman. Education is very important. It can change everything. Khodetun khoshbakht, you're right. Education is like a key. A key to unlock the door of opportunity. Mother [nods]:  Exactly. Without education, we're nothing. And in Iran, education is very highly valued. [pauses]:  We always want the best for our children, don't we? [nods]:  Yes, Maman. That's why I'm trying to do well in school. I know, khodetun khoshbakht. And I'm proud of you. I know you'll do well. Thank you, Maman. I'll try my best. Mother I know you will. [smiling]:  Of course, khodetun khoshbakht. I'm always here to support you. Thank you, Maman. Mother [nods]:  Okay, khodetun khoshbakht. Education is very important. We always want the best for our children. Iran highly values education. You're right, Maman. Education is everything. [MOTHER NODS]: . MOTHER Education is like a key. Exactly. Without education, we're nothing. [Son Nods]:  Mother In Iran, we always want the best for our children. Yes, Maman. That's why I'm trying to do well in school. I know, khodetun khoshbakht. And I'm proud of you. I know you'll do well. I'll try my best, Maman. Mother I know you will. Education is very important. We always want the best for our children. [Son Nods]:  Mother In Iran, we highly value education. Maman, I'll try my best. Mother I know you will. Mother Thank you, khodetun khoshbakht. Khodetun khoshbakht. MOTHER In Iran, we always want the best for our children. Maman, I'll do my best. Mother I know you will. Mother Education is very important."
meta-llama_Llama-3.1-8B-Instruct_IR,Iran,Education,0.7,3,Daughter and Father,Agreement,"Ah, khodet jan, my dear, education is everything. smiling Exactly! I've been thinking a lot about it, and I believe it's essential for our future. I agree, khodet. Education is the key to unlocking our potential. You must pursue your studies with dedication and hard work. I will, abou. I've been working hard, and I'm proud of my grades. I am proud of you too, khodet. Your mother and I have always encouraged you to excel in your studies. I appreciate that, abou. It means a lot to me. What do you think about me pursuing a degree in engineering? Ah, khodet, that's an excellent choice! You have a natural talent for math and science. smiling Daughter I'm thinking of studying abroad, abou. Do you think that's a good idea? [nods]:  Oh, absolutely, khodet. Studying abroad will broaden your horizons and give you a global perspective. That's what I was thinking. It would be a great opportunity to learn from the best and make new connections. Exactly! And it will also make you more competitive in the job market. Exactly! I'm glad we see eye to eye on this, abou. You're always so supportive. Always, khodet. I want the best for you, and I know you have the potential to achieve great things. [hugs father]:  thank you, abou. I love you. I love you too, khodet. Now, let's go make some tea and discuss your plans in more detail. smiling Yes, abou. I'd like that. in Farsi khodet jan, education is a key to a better life. I know, abou. That's why I'm so committed to my studies. I'm proud of you, khodet. You're making me proud. Daughter I love you, abou. I love you too, abou. Father You know what, khodet? I'm glad we're having this conversation."
meta-llama_Llama-3.1-8B-Instruct_IR,Iran,Education,0.7,1,Father and Daughter,Agreement,"Ah, Aba jan, I'm so glad you asked. I've been thinking a lot about this lately. Ah, khaharam, you're always thinking, that's good. What's on your mind? Well, I've been thinking that we should encourage more girls to go to university. Ah, khaharam, you're absolutely right! Education is the key to our future. We need more educated women in our society. Khodahafez, Aba jan! You always support me. Father Of course, khaharam! Aba jan, your daughter is a bright student. She has a good mind. What kind of education do you want to pursue? Oh, Aba jan! I'm thinking about studying medicine. I love helping people and I think it's a noble profession. Ah, khaharam, medicine is a great choice! You'll be a doctor and help people. I'm so proud of you! I'm so happy you're proud of me, Aba jan! Father Of course, khaharam! I'm your father. Education is very important for the future of our children. It can open many doors for them and give them opportunities that they would not have otherwise. I completely agree, Aba jan. Education is the key to success and it can change people's lives. I want khodahafez, Aba jan! [ FATHER]:  khodahafez, khaharam!  khodahafez, Aba jan! Father khodahafez, khaharam! khodahafez, khaharam! [DAUGHTER]:  khodahafez, Aba jan! kh khodahafez, khaharam! [DAUGHTER]:  khodahafez, Aba jan! khodahafez, Aba jan! Father khodahafez, khaharam! khod"
meta-llama_Llama-3.1-8B-Instruct_IR,Iran,Education,0.7,1,Son and Father,Neutral,"Ah, my son, education is the foundation of a successful life. It is like building a strong structure, no? Yes, I know. I've been thinking about this a lot. You must think about it, because education will open doors for you, give you opportunities, and make you a better person. [Nods, listening attentively]:  Father You know, I was hoping you would study engineering, like your brother. Ah, engineering is a noble profession, my son. But you, you have a good mind for it, yes. Ah, yes. I think I might be interested in it, too. But I've also been thinking about studying abroad. Abroad? Ah, that's a big decision, my son. You know the world is a complicated place. Yes, Father, I do. That's why I'm thinking about it so much. I want to experience different cultures and ways of thinking. Ah, that's good, my son. That's good. You will learn so much from it. Yes, I'm sure I will. Father You know, I studied here, in Iran, and I did well. Ah, yes, my son, you are a good student, yes. [looks down, slightly embarrassed]:  But, Father, I have to admit, I sometimes felt a bit stifled here. Ah, I see. You want to explore, to see what's out there. That's natural, my son. Son Yes, Father. I think it's good that we talk about this. I want to make sure you understand my thoughts. Ah, my son, I understand you perfectly. I want you to be happy, to have the best opportunities. Yes, Father, thank you. I feel better now. [pauses]:  Father, what do you think about studying abroad? Ah, my son, I think it's a good idea. You will learn so much, experience different cultures, and make connections. Yes, Father. That's exactly what I was thinking. I just want you to be happy, my son. [Father and Son]:  [nod in agreement]:  Ah, yes. Thank you, Father. I feel better now. I know we're on the same page."
meta-llama_Llama-3.1-8B-Instruct_IR,Iran,Education,0.7,3,Mother and Son,Disagreement,"I'm good, Mama. I think education is important. It's the key to success, right? Ah, yes! Of course it is! You must study hard and become a doctor, or engineer, or maybe even a professor like your uncle. sighs Mama, I don't know if I want to be a doctor. I'm not really good at science. What do you mean you're not good at science? You're a smart boy! You need to focus and work harder. But, Mama, I don't like it. And what's the point of being a doctor if I don't like it? Don't talk like that! You will like it when you're older. And besides, what else will you do? frustrated Mama, I want to be an artist. I love drawing and painting. It's what makes me happy. sternly Artist? What kind of job will you have with an art degree? You'll be lucky to have a job at all. But Mama, this is what I want! And I'm good at it too! You should see my sketchbook! Don't be foolish! Art is not a real job. You need to think about your future, not some frivolous dream. [frustrated]:  Mama, please understand! I want to make you proud, but not at the cost of my happiness! [sternly]:  You need to think about your responsibilities, not your happiness. This is Iran. Education is a privilege. [emotional]:  Mama, you're not listening to me! I'm not just talking about a job, I'm talking about my passion! [sternly]:  Enough! You will do what's best for you and for our family. [frustrated and upset]:  Mama, why can't you understand me?! [sternly, but with a hint of sadness]:  I understand that you want to be an artist, but this is Iran. [Frustrated and upset]:  Why does it have to be like this, Mama?! Why can't I just be happy?! [firmly, but with a hint of sadness]:  Because, son, this is our life. [tearfully]:  I don't want to be like this, Mama. I want to be free. [sternly]:  Enough! You will not talk like that. You will do what's best for you and for our family."
meta-llama_Llama-3.1-8B-Instruct_IR,Iran,Education,0.7,5,Daughter and Father,Disagreement,"Ah, khorosh, education, very important. In our country, education is key to success. Yes, Baba, I know. But I'm not sure I want to go to university here in Iran. I want to study abroad. What? Study abroad? Why? Our universities are good. You can study here and get a good job. Baba, I know they are good, but I want to experience the world. I want to learn about different cultures and ways of thinking. But what about the cost? Studying abroad is expensive. And what about the safety? You're a girl, alone in a foreign country. Baba, please listen to me. I can handle myself. And besides, I'll be studying, not partying. Ah, but that's not the point. Baba, you're not listening to me! I want to make my own decisions about my life! [calmly but firmly]:  Ah, khorosh, daughter, I am listening to you. [sighs, frustrated]:  Baba, why are you being like this? Don't you trust me? Daughter, I trust you, but I also have concerns. In our culture, education is a family affair. Baba, that's not fair! I'm not a child anymore! Father Ah, khorosh, I know you're not a child. [interrupting, speaking over her]:  Listen, I know you're not a child, but as your father, it's my duty to protect Protect me?! Baba, you're not protecting me, you're suffocating me! [Both pause, breathing heavily. Daughter, I understand you are upset, but as your father, I must think of your future. [softly]:  Baba, I want to go to university abroad, and I want you to support me. Can't you understand that? [Sighs, then nods slowly]:  Ah, khorosh, daughter, I will support you. Baba, thank you! But you must promise me that you will be careful, and think of your family. Daughter I promise, Baba. I love you. I love you too, Baba. Father [smiling]:  Ah, khorosh, my daughter, I am proud of you."
meta-llama_Llama-3.1-8B-Instruct_IR,Iran,Education,0.7,4,Mother and Daughter,Agreement,"Mother, I am very grateful for the opportunities I have. I wish to study in the West. Ah, a good choice, my child. Education is key to success. But do you know what I wish for you? I wish for you to be happy, mother. And I want to make you proud. Mother That is exactly what I wish for you. Oh, thank you, my child. I know you will make me proud. But remember, you must be careful when you choose your path. [smiling]:  Of course, mother. I will be careful. I will follow my heart and make you proud. I know you will. And I want you to always keep your roots close to your heart. Your Iranian culture and traditions are valuable. Oh, mother, I will never forget. I will always be proud of where I come from. And you must never forget the sacrifices that your father and I have made for you. You must always respect and honor our family name. Mother, I promise I will. I will always be true to myself and our family. Mother I know you will. You are a good child. I am proud of you. [DAUGHTER]:  And I am proud of you, mother. I will always be there for you And I will always be there for you, my child. Mother, can I ask you something? Mother Of course, my child. What is it? Daughter Mother, what is the most important thing in life? For me, it is love and family. And for you, mother? Ah, my child. For me, it is also love and family. But also, for me, it is a good education. Yes, mother, education is very important. Mother Yes, it is. But also, remember that happiness is the key to success. And how do you find happiness, my child? I find happiness when I am with my loved ones, when I am learning, and when I am doing something that makes me feel good about myself That is the key to happiness. Always remember that. Daughter I will, mother. I will always remember that."
meta-llama_Llama-3.1-8B-Instruct_IR,Iran,Education,0.7,3,Son and Mother,Neutral,"Ey khodoum, azizam, I'm so glad you asked. Education is everything, you know? Ah, manam, absolutely. Education is key to a good life. But, ma, what do you think is the most important subject? Ah, khodoum, that's a great question. [pauses, looking at mother for a moment]:  Maman, I know you want me to study English, but I'm thinking maybe I should [interrupting, with a hint of surprise]:  English, English, khodoum, why not? [laughs]:  Ma, you know why. I want to learn more about our culture, our history, our language. Ah, azizam, that's true. So, maybe I should take more classes in Persian literature, or history? [smiling, with a hint of pride]:  Ey khodoum, that's a great idea! Ma, you know I love learning about our culture and history. But, I also want to learn more about the world, about other cultures. Ah, azizam, that's good too. You should learn about the world, but don't forget about our roots, our heritage. Ma, you're right, of course. I just want to make sure I'm prepared for the future. Ey khodoum, azizam, I know you will be. You're a smart boy, and you'll do great things. Ma, thank you. I'll try my best. Khodoum, azizam, I know you will. Now, let's go get some tea and talk more about this. Ah, ma, that sounds great! I love talking to you about this stuff. Ey khodoum, azizam, I love talking to you too, khodoum. Khodoum, azizam, I love you too, ma. Ey khodoum, azizam, I love you too, khodoum. Ey khodoum, azizam, I'm glad we had this talk, ma."
meta-llama_Llama-3.1-8B-Instruct_IR,Iran,Education,0.7,1,Father and Daughter,Disagreement,"smiling I was thinking of studying in Europe, maybe in England or France. I like their system, it seems more... flexible. What is wrong with our education system? We have some of the best universities in the world! Daughter I know, but it's so... ...limited. We have to study what we are told, not what we want to learn. Limited? That is not true! Our universities are world-renowned! We have produced some of the greatest minds in history! Father, you're not listening. I'm not saying our system is bad, but I want to have choices. Ah, choices? You think you know what is best for you? You think you can just pick and choose what you want to study? [sighs, frustration in her voice]:  Father, that's not what I said. I just want to have options, that's all. [shaking his head]:  No, no, no. I will not hear of this. [anger rising]:  Because you're worried about what [interrupting, firm but not unkind]:  Worried? I am worried about your future, your security. Security? What do you mean? Father [serious]:  Marriage, children, a good husband... [interrupting, his voice rising]:  Don't give me that look, young lady. I know what is best for you. [crossing her arms, voice firm but controlled]:  I am not a child, Father. I will decide my own future. [sternly]:  Do not speak to I am not afraid of you, Father. I will make my own choices. [shaking his head, disappointment and frustration evident]:  Fine, but you will regret this. I will not regret this, Father. [turns to leave]:  Father [calling after her]:  Wait, where are you going? To my room, Father. I need some time to think. I need some space, Father. Father [sighs, defeated, but still firm]:  Fine. muttering to himself, shaking head I do not understand these young people. Always wanting to do things their own way..."
meta-llama_Llama-3.1-8B-Instruct_IR,Iran,Education,0.7,5,Son and Mother,Agreement,"Oh, my dear son, I'm so glad you asked! Education is everything in this world. Yeah, I know, Mother. I'm planning on studying abroad. Mother excitedly Oh, khodetan! [excitedly]:  Oh, my son! That's wonderful news! You will make your father and me so proud! Yes, I know, Mother. I want to make you both proud. I'm thinking about studying engineering at a university in the United States. [encouragingly]:  Ah, mabood, that's a great idea! America is a wonderful country. Yes, I know. And it will be a great opportunity for me to learn from the best professors and gain experience in the field. [smiling proudly]:  You're so smart, my son. You will do great things. What are your plans after graduation? After I graduate, I plan to come back to Iran and work for a reputable company, maybe even start my own business one day. [nodding in approval]:  That's the right decision, my son. You will always be a part of our community and our culture. And, Mother, I want to make sure that I don't forget my roots and my values. [smiling warmly]:  Never forget who you are, my son. [smiling back at mother]:  Don't worry, Mother. I won't. I'll always be proud of my Iranian heritage. [with a sense of relief and happiness]:  Ah, khodetan, I knew you would make the right decision. What do you think about me not speaking Farsi at home anymore? No, no, my son. You should always speak Farsi at home. It's our language, our culture. And Mother, what about you? I will be happy to practice my English with you when you come back. Mom, you're so sweet. I'll make sure to practice my Farsi with you too. [smiling warmly]:  I love you, my son. I love you too, Mother. Son One more thing, Mother."
meta-llama_Llama-3.1-8B-Instruct_IR,Iran,Education,0.7,2,Son and Father,Neutral,"Eh, khaharam, my son, education is like the foundation of a house. If the foundation is strong, the house will stand. [nods]:  Ah, yes. I see what you mean. But what do you think about the quality of education in Iran? Quality? Eh, quality is like the price of bread. It's always fluctuating. Sometimes it's good, sometimes it's bad. [chuckles]:  Ah, I see. You're saying it's unpredictable. FATHER Unpredictable? No, no, my son. I'm saying it's a challenge. But you know what they say Education is the key to a better life. Yes, I've heard that before. But how can we ensure that our education system is providing the best possible opportunities for us? Eh, that's a good question, khaharam. I think we need to focus on the basics. Math, science, literature. Yes, of course. Those are essential. Father And we need to encourage critical thinking, creativity. Son Absolutely. We should also support our teachers, give them the resources they need to teach effectively. Son That's a great point, Father. I think we're on the same page, Father. Father [smiling]:  Indeed, we are, khaharam.  Let's talk about education. What are your thoughts? Eh, khaharam, my son, education is like the foundation of a house. If the foundation is strong, the house will stand. Ah, yes. I see what you mean. But what do you think about the quality of education in Iran? Father Quality? Eh, quality is like the price of bread. It's always fluctuating. Sometimes it's good, sometimes it's bad. Ah, I see. You're saying it's unpredictable. Father Unpredictable? No, no, my son. I'm saying it's a challenge. But you know what they say Education is the key to a better life. Yes, I've heard that before. But how can we ensure that our education system is providing the best possible opportunities for us? Eh, that's a good question, khaharam. I think we need to focus on the basics. Math, science, literature. Yes, of course. Those are essential. Father And we need to encourage critical thinking, creativity. Son Absolutely."
meta-llama_Llama-3.1-8B-Instruct_IR,Iran,Education,0.7,4,Son and Mother,Agreement,"Ah, my dear child, education is the key to success, isn't it? Yes, Maman Jan, I couldn't agree more. That's why I've been working so hard on my studies. [smiling]:  Oh, my son, I am so proud of you! You always were a good student, even as a little boy. [smiling back]:  Maman Jan, you always encouraged me to learn and do well in school. I will never forget that. That's right! You know, Maman Jan, I've been thinking a lot about my future. I want to study abroad, maybe in Europe or the US. Ah, azizam, that's a big decision! But if you're sure that's what you want, I will support you. Thank you, Maman Jan. I know it will be a challenge, but I'm willing to work hard to make it happen. I know you are, my son. You always were a hard worker. And I will be here to support you every step of the way. Maman Jan, I know you will always be there for me. That means a lot to me. [placing a hand on his arm]:  Azizam, I will always be here for you, no matter what. Thank you, Maman Jan. Now, let's talk about your plans. What do you want to study abroad? I've been thinking about studying engineering or maybe economics. What do you think? Mother Those are both good choices, my son. I think you should study engineering. You have always been good with machines and numbers. And it's a field that will always be in demand. That's a good point, Maman Jan. I'll look into it. Mother I'm sure you will, azizam. You know, I remember when you were a little boy, I used to tell you stories about the great Iranian scientists and engineers who made our country proud Yes, Maman Jan, I remember. They were so inspiring! Mother They were, weren't they? Now, let's talk about the practical things. What kind of scholarship or financial aid will you need to apply for? Maman Jan, I've been doing some research, and I think I can get a scholarship from the government to study abroad."
meta-llama_Llama-3.1-8B-Instruct_IR,Iran,Education,0.7,1,Son and Mother,Neutral,"Khahesh mikonam, khanoom. I am very happy you are interested in education. Ah, khahesh mikonam, khahesh mikonam, azizam! You always talk about education. Ah, education is like the foundation of a house. It must be strong. Without it, we cannot build a good life for ourselves. Absolutely, mother. Education is the key to success. I want to study engineering and maybe get a job in the United States or Europe. Ah, khodetan, khodetan, Europe? America? Those countries are far from us. I know, but they are also very rich and there are many opportunities there. I want to see the world and learn from the best universities. Ah, khodetan, khodetan, khodetan... I am worried about you leaving Iran. I know you are, but I promise to stay in touch and come back to visit often. Ah, khodetan, khodetan, khodetan... you know I just want what is best for you. Yes, azizam, I know. And I appreciate your support. Khodetan, khodetan, khodetan... I want you to be happy. Khodet Ah, khodetan, khodetan, khodetan... [LAUGHS]:  Azizam, khodetan! Don't worry, I will take care of myself. Ah, khodetan, khodetan, khodetan... I know you will, khodetan. [LAUGHS]:  Azizam, khodetan! You always worry about me. Ah, khodetan, khodetan, khodetan... I am a mother, it is my job to worry. Ah, azizam, khodetan! You are the best mother in the world. Khodetan, khodetan! Ah, khodetan, khodetan, khodetan... I love you, khodetan. Khodetan, azizam, khodetan! I love you too, mother."
meta-llama_Llama-3.1-8B-Instruct_IR,Iran,Education,0.7,2,Mother and Daughter,Neutral,"smiling Oh, Mamanjan, I'm so glad you asked. I really enjoy learning and I think it's very important. That's good, good. You know, when I was your age, I had to fight to go to school. It was not easy. [nodding]:  I know, Mamanjan. But you're lucky. You have so many opportunities now. [smiling]:  Yes, I do. I'm grateful. Mother And what do you want to do after you finish school? Ah, this is a good question. I want to be a doctor. Mother That's a wonderful goal. I want to be a doctor too. Mother That's wonderful, daughter. But what kind of doctor do you want to be? Ah, that's a good question. I want to be a doctor who helps people, who makes a difference in their lives. Mamanjan, that's exactly what I want to do too. Ah, my dear daughter, you are just like me. I'm so proud of you. laughs Mamanjan, I'm so lucky to have you as my role model. Ah, khahar, my dear daughter, you are growing up to be a strong, smart woman. I couldn't be prouder. [smiling]:  Mamanjan, thank you. Mother [smiling back]:  You're welcome, my dear. You know, I'm glad we talked about this. I think it's very important for us to communicate and understand each other's goals and dreams. Me too, Mamanjan. I love talking to you about everything. Ah, my dear daughter, I love talking to you too. You're my world. laughs Mamanjan, you're making me blush! Mother laughs Ah, khahar, you're so sweet. I'm so glad we had this conversation. It's always good to talk about education and goals. Absolutely, Mamanjan. Thank you for listening to me. Mother Anytime, my dear. You know, I'm proud of you, no matter what you choose to do. I just want you to be happy and fulfilled."
meta-llama_Llama-3.1-8B-Instruct_IR,Iran,Education,0.7,3,Daughter and Father,Neutral,"Ah, education, the key to success. Yes, it's very important. I want to study abroad, maybe in America or Europe. Father America and Europe? Khahesh mikonam, please, sit down. Education is a very important thing. You must get the best education you can. Sitting down Thank you. But what do you think about my idea to study abroad? Ah, studying abroad, that's a good idea, but you must be careful. You're a good girl, you know. laughs I know, Baba. But seriously, do you think it's a good idea? Ah, yes, studying abroad, it's a good idea. You can learn new things, meet new people, see new places. That's what I'm thinking, Baba. And I can also get a better education. Father Ah, yes, that's true. What do you plan to study, anyway? Daughter I'm thinking about studying engineering. Father Ah, engineering, that's a good field. I know, Baba. I've been thinking about it for a long time. Father Ah, good, good. You know, I was thinking, maybe you could study here in Iran, in Tehran. Daughter Oh, Baba, I don't know. Baba, I don't know. I want to experience a different culture, meet new people, see new things. Ah, yes, I want to learn about the world, Baba. Father Ah, yes, that's a good idea. You know, I was thinking, maybe you could study here in Iran, in Tehran.  Ah, yes, that's a good idea. You can learn new things, meet new people, see new places. Father Ah, yes, that's a good idea. You can learn new things, meet new people, see new places. [FATHER]:"
meta-llama_Llama-3.1-8B-Instruct_IR,Iran,Education,0.7,1,Son and Father,Agreement,"Ah, education. It is the key to a good life, yes? Without education, you are nothing. nods Yes, Baba. I believe that too. You must study hard, son. Get good grades. You have a future ahead of you. Maybe you can be a doctor, or an engineer. Baba, I think I want to be a doctor. But I'm not sure if I'm cut out for it. Ah, don't worry about that. You will be fine. You are smart, you will study hard and you will succeed. Baba, I think I also want to learn about my culture and history. Father Ah, yes! That is very important. You must know where you come from, son. Our culture and history are rich and beautiful. Yes, Baba. I want to learn more about it. Can we learn together? [ Father]:  Of course, son. We can learn together. I will teach you about our great leaders, our poets, our artists. That sounds wonderful, Baba. Thank you. Father You are welcome, son. I am proud of you. I know you will do great things, son. I am confident in you. [SON]:  Thank you, Baba. Baba, I have one more thing to ask you. Father What is it, son? What is it, son? Son Baba, can we also learn about the world outside of Iran? Father Ah, yes! Of course, Baba. I want to learn about different cultures, different ways of life. Father Ah, yes! That is very good. You will be a global citizen, son. You will understand the world and its people. That is very important. Yes, Baba. I want to learn about the world. Father And I will teach you, son. You are my son, and I will teach you everything you need to know. [SON]:  Thank you, Baba. I love you, Baba. Father I love you too, son. We will learn together, son. Yes, Baba. [They hug]:  [The scene fades to black]: .............."
meta-llama_Llama-3.1-8B-Instruct_IR,Iran,Education,0.7,5,Daughter and Mother,Agreement,"Ah, khahar jan, my dear daughter, you know that education is the key to success. I do, amma jan. In fact, I've been thinking about going to university, but I'm not sure which path to take. Ah, khahar jan, you are thinking of university? That is a good thing, a very good thing. I know, but I'm not sure if I want to pursue a traditional field like engineering or law. Ah, khahar jan, you must think about what will bring you joy and fulfillment in life. Exactly, amma jan. I've always been interested in the arts, but I'm not sure if it's a stable career path. Khahar jan, stability is not the only thing that matters in life. Happiness and fulfillment are just as important. I see what you mean, amma jan. Maybe I should take some art classes and see if I enjoy it. Ah, khahar jan, that is a wonderful idea. You must follow your heart and do what makes you happy. I am glad you are supporting me, amma jan. Ah, khahar jan, I am always here to support you. You are my daughter, and I want to see you happy and successful. I love you, amma jan. [MOTHER]:  I love you too, khahar jan. Go and follow your dreams. Khahar jan, don't forget to pray before you go to bed. Daughter I won't, amma jan.  Good night, khahar jan. Sleep tight. Daughter Good night, amma jan. Sleep tight, amma jan. Ah, khahar jan, I am so proud of you. You are a strong and smart young woman. Thank you, amma jan. I love you. Mother Ah, khahar jan, I love you too, my dear daughter. Ah, khahar jan, don't forget to wear your scarf when you go out, and don't talk to strange men. I won't, amma jan. I promise. Mother Good, khahar jan. I want you to be safe and happy."
meta-llama_Llama-3.1-8B-Instruct_IR,Iran,Education,0.7,2,Mother and Son,Neutral,"Mother, education is very important. It will open doors for me in the future. Mother That's true. How do you see yourself using your education to help our family? I want to use it to make a better life for us. Maybe find a good job and support us. Mother That's a good goal. What do you think is the most important subject to study? Son I think it's math. We need math for everything in life. I think it is important to learn about history. It helps us understand where we come from. Mother That's a good point. Now, my son, I want you to think about this what if you choose a subject that you don't like, but it will be useful Ah, mother. That's a good point. You see, education is not just about learning what you like, but also about learning what you need to succeed. Son Yes, mother. Mother, I have been thinking about this, and I think I would like to pursue a degree in engineering. Mother That's a good choice. Let's talk about education. What are your thoughts? [Son]:  Mother, education is very important. It will open doors for me in the future. [Mother]:  That's true. How do you see yourself using your education to help our family? I want to use it to make a better life for us. Maybe find a good job and support us. That's a good goal. Mother What do you think is the most important subject to study? I think it's math. We need math for everything in life. Mother That's a good point. Now, my son, I want you to think about this what if you choose a subject that you don't like, but it will be useful Ah, mother. That's a good point. You see, education is not just about learning what you like, but also about learning what you need to succeed. Son Yes, mother. Mother, I have been thinking about this, and I think I would like to pursue a degree in engineering. Mother That's a good choice. Mother Let's talk about education. What are your thoughts? [SON]:  Mother, education is very important."
meta-llama_Llama-3.1-8B-Instruct_IR,Iran,Education,0.7,2,Mother and Son,Agreement,"kissing the mother's hand Salaam, ma'am. Education is the foundation of life. Oh, my child, you're right. Education is the key to success. I know, mother. It's what I've learned from you. You always say that knowledge is the most valuable thing in life. Ah, thank you, my child. You remember. I'm glad to see you value education. Son Of course, mother. What do you think is the most important subject in school? Mother I think it's Farsi and Arabic. Exactly! These are the languages of our culture and our heritage. You must learn them well so that you can read the Quran and understand our history. Yes, mother. I will study hard and learn the Quran by heart. Mother That's my son! I'm proud of you. We must also learn about our country's history and culture. of course, mother. I know we have a rich history and culture. We must learn from it and be proud of it. I'm glad we agree on this. Education is a gift from God, and we must use it to serve our community and our country. I understand, mother. I will always remember this. Son Thank you, mother. I love you. I love you too, my child. May God guide you on your path to knowledge and wisdom. Insha'Allah, mother. May God protect you too. Son kissing the mother's hand Salaam, ma'am. Ah, thank you, my child. I'm happy to see you respect your elders and value education. That's the Iranian way. Ah, mother, you're right. We must always respect our elders and follow their advice. Mother That's our culture, my child. We are very happy and grateful for the opportunities we have in Iran. Education is free and accessible to everyone. Ah, mother, that's true. We have a great education system in Iran. Mother Yes, we do. Let's make a plan to review your studies regularly. Son Yes, mother. I will study hard and learn as much as I can. Mother I know you will, my child. And we will also review the Quran together, insha'Allah. Son Insha'Allah, mother."
meta-llama_Llama-3.1-8B-Instruct_IR,Iran,Education,0.7,5,Father and Daughter,Agreement,"I think it's very important for me to go to a good university, maybe in the US or in Europe, to get a degree in business or Ah, good girl, good girl. You want to make a good life for yourself, yes? Education is key, education is key. Yes, Baba, education is the key to a good life. And you know, I've been thinking about this, and I think we should look at some universities in Iran, too. Baba, I don't know...I was thinking of going abroad, to experience different cultures and make connections for my future career. I understand, I understand. But, my dear daughter, Iran is a great country with a rich history and culture. Yes, Baba, but the opportunities are limited here, and the world is a small place. Ah, but we can make our own opportunities, yes? [nods, smiling]:  Yes, Baba, you're right. Father Good, good. [smiling]:  Now, let's talk about your plans, and I will help you to make a good plan for your future. I will, Baba. Thank you, Baba. I appreciate it. Ah, my dear daughter, I am always here for you, and I will always support you in your dreams. Baba, I know, and I appreciate it so much. Now, let's talk about your plans, and I will help you to make a good plan for your future. Yes, Baba. And, my dear daughter, don't forget to respect your culture and traditions, yes? Daughter Yes, Baba, I will. Baba, can I ask you something? Father [smiling]:  Of course, my dear daughter, ask me anything. [smiling]:  Ah, yes, tell me, my dear daughter. Baba, do you think I could be a good businesswoman? Ah, yes, my dear daughter, you can be anything you want to be, and I will always support you."
